汉字,拼音,英文释义,等级,词频
八,ba,eight,1,5
吃,chi,to eat,1,5
都,dou,all/both,1,5
多,duo,many/much,1,5
喝,he,to drink,1,5
家,jia,family/home,1,5
开,kai,to open,1,5
猫,mao,cat,1,5
七,qi,seven,1,5
三,san,three,1,5
书,shu,book,1,5
说,shuo,to say/speak,1,5
他,ta,he/him,1,5
她,ta,she/her,1,5
听,ting,to listen,1,5
些,xie,some,1,5
一,yi,one,1,5
茶,cha,tea,1,5
读,du,to read,1,5
和,he,and/with,1,5
回,hui,to return,1,5
来,lai,to come,1,5
能,neng,can/able to,1,5
年,nian,year,1,5
钱,qian,money,1,5
人,ren,person/people,1,5
谁,shei,who,1,5
十,shi,ten,1,5
喂,wei,hello/hey,1,5
本,ben,book/volume,1,5
点,dian,o'clock/point,1,5
狗,gou,dog,1,5
好,hao,good/well,1,5
很,hen,very,1,5
几,ji,how many/several,1,5
九,jiu,nine,1,5
冷,leng,cold,1,5
里,li,inside/in,1,5
买,mai,to buy,1,5
哪,na,which/where,1,5
哪儿,nar,哪儿,1,5
你,ni,you,1,5
请,qing,please/invite,1,5
少,shao,few/less,1,5
水,shui,water,1,5
我,wo,I/me,1,5
五,wu,five,1,5
想,xiang,to think/want,1,5
小,xiao,small/little,1,5
写,xie,to write,1,5
有,you,to have,1,5
爱,ai,to love,1,5
不,bu,no/not,1,5
菜,cai,dish/vegetable,1,5
大,da,big/large,1,5
二,er,two,1,5
号,hao,number/date,1,5
会,hui,can/will/meet,1,5
叫,jiao,to call/be called,1,5
看,kan,to look/see/watch,1,5
块,kuai,piece/yuan,1,5
六,liu,six,1,5
那,na,that,1,5
去,qu,to go,1,5
热,re,hot,1,5
上,shang,up/above/on,1,5
是,shi,to be/yes,1,5
四,si,four,1,5
岁,sui,years old,1,5
太,tai,too/very,1,5
下,xia,down/below,1,5
月,yue,month/moon,1,5
在,zai,at/in/on,1,5
这,zhe,this,1,5
住,zhu,to live,1,5
字,zi,character/word,1,5
坐,zuo,to sit,1,5
做,zuo,to do/make,1,5
的,de,particle,1,5
个,ge,measure word,1,5
了,le,particle,1,5
吗,ma,question particle,1,5
呢,ne,question particle,1,5
飞机,feiji,airplane,1,5
分钟,fenzhong,minute,1,5
今天,jintian,today,1,5
星期,xingqi,week,1,5
医生,yisheng,doctor,1,5
中国,zhongguo,China,1,5
中午,zhongwu,noon,1,5
高兴,gaoxing,happy/glad,1,5
工作,gongzuo,work/job,1,5
商店,shangdian,shop/store,1,5
天气,tianqi,weather,1,5
医院,yiyuan,hospital,1,5
杯子,beizi,cup/glass,1,5
东西,dongxi,thing/stuff,1,5
多少,duoshao,how much/many,1,5
妈妈,mama,mom/mother,1,5
先生,xiansheng,Mr./sir,1,5
衣服,yifu,clothes,1,5
桌子,zhuozi,table/desk,1,5
明天,mingtian,tomorrow,1,5
昨天,zuotian,yesterday,1,5
同学,tongxue,classmate,1,5
学习,xuexi,to study/learn,1,5
没有,meiyou,not have/there is not,1,5
苹果,pingguo,apple,1,5
前面,qianmian,in front/ahead,1,5
学校,xuexiao,school,1,5
儿子,erzi,son,1,5
名字,mingzi,name,1,5
朋友,pengyou,friend,1,5
什么,shenme,what,1,5
时候,shihou,time/when,1,5
学生,xuesheng,student,1,5
北京,beijing,Beijing,1,5
老师,laoshi,teacher,1,5
女儿,nü'er,daughter,1,5
水果,shuiguo,fruit,1,5
米饭,mifan,rice,1,5
怎么样,zenmeyang,how/how about,1,5
我们,women,we/us,1,5
喜欢,xihuan,to like,1,5
小姐,xiaojie,Miss/young lady,1,5
椅子,yizi,chair,1,5
怎么,zenme,how/why,1,5
电脑,diannao,computer,1,5
电影,dianying,movie/film,1,5
对不起,duibuqi,sorry,1,5
汉语,hanyu,Chinese language,1,5
上午,shangwu,morning/a.m.,1,5
下午,xiawu,afternoon/p.m.,1,5
下雨,xiayu,to rain,1,5
一点儿,yidianr,a little,1,5
电视,dianshi,TV/television,1,5
饭店,fandian,restaurant/hotel,1,5
看见,kanjian,to see,1,5
睡觉,shuijiao,to sleep,1,5
现在,xianzai,now,1,5
再见,zaijian,goodbye,1,5
爸爸,baba,dad/father,1,5
后面,houmian,behind/back,1,5
漂亮,piaoliang,beautiful/pretty,1,5
认识,renshi,to know/recognize,1,5
谢谢,xiexie,thank you,1,5
出租车,chuzuche,taxi,1,5
没关系,meiguanxi,it doesn't matter,1,5
不客气,bu keqi,you're welcome,1,5
打电话,da dianhua,to make a phone call,1,5
出,chu,to go out,2,4
穿,chuan,to wear,2,4
高,gao,tall/high,2,4
黑,hei,black,2,4
千,qian,thousand,2,4
它,ta,it,2,4
新,xin,new,2,4
阴,yin,cloudy/overcast,2,4
真,zhen,really/true,2,4
白,bai,white,2,4
别,bie,don't,2,4
长,chang,long,2,4
从,cong,from,2,4
还,hai,still/also,2,4
红,hong,red,2,4
离,li,away from,2,4
零,ling,zero,2,4
忙,mang,busy,2,4
门,men,door/gate,2,4
男,nan,male,2,4
您,nin,you (polite),2,4
晴,qing,sunny/clear,2,4
题,ti,question/problem,2,4
完,wan,to finish,2,4
玩,wan,to play,2,4
鱼,yu,fish,2,4
百,bai,hundred,2,4
比,bi,to compare,2,4
等,deng,to wait,2,4
懂,dong,to understand,2,4
给,gei,to give,2,4
两,liang,two,2,4
每,mei,every/each,2,4
女,nü,female,2,4
往,wang,towards,2,4
洗,xi,to wash,2,4
雪,xue,snow,2,4
也,ye,also/too,2,4
远,yuan,far,2,4
找,zhao,to look for,2,4
走,zou,to walk,2,4
次,ci,time/occurrence,2,4
错,cuo,wrong/mistake,2,4
到,dao,to arrive,2,4
对,dui,correct/right,2,4
贵,gui,expensive,2,4
过,guo,to pass/cross,2,4
件,jian,piece (clothing),2,4
进,jin,to enter,2,4
近,jin,near/close,2,4
就,jiu,then/just,2,4
课,ke,class/lesson,2,4
快,kuai,fast/quick,2,4
累,lei,tired,2,4
路,lu,road/path,2,4
卖,mai,to sell,2,4
慢,man,slow,2,4
票,piao,ticket,2,4
让,rang,to let/allow,2,4
日,ri,day/sun,2,4
送,song,to send/give,2,4
外,wai,outside/foreign,2,4
问,wen,to ask,2,4
笑,xiao,to laugh/smile,2,4
姓,xing,surname/to be surnamed,2,4
药,yao,medicine,2,4
要,yao,to want/need,2,4
再,zai,again,2,4
最,zui,most,2,4
吧,ba,particle,2,4
得,de,particle,2,4
着,zhe,particle,2,4
公司,gongsi,company,2,4
咖啡,kafei,coffee,2,4
西瓜,xigua,watermelon,2,4
非常,feichang,very/extremely,2,4
虽然,suiran,although,2,4
宾馆,binguan,hotel/guesthouse,2,4
机场,jichang,airport,2,4
开始,kaishi,to begin/start,2,4
铅笔,qianbi,pencil,2,4
身体,shenti,body/health,2,4
帮助,bangzhu,to help,2,4
鸡蛋,jidan,egg,2,4
生病,shengbing,to be sick,2,4
生日,shengri,birthday,2,4
说话,shuohua,to speak/talk,2,4
希望,xiwang,to hope/wish,2,4
因为,yinwei,because,2,4
哥哥,gege,older brother,2,4
妻子,qizi,wife,2,4
休息,xiuxi,to rest,2,4
知道,zhidao,to know,2,4
房间,fangjian,room,2,4
旁边,pangbian,beside/next to,2,4
时间,shijian,time,2,4
牛奶,niunai,milk,2,4
游泳,youyong,to swim,2,4
颜色,yanse,color,2,4
羊肉,yangrou,mutton/lamb,2,4
一下,yixia,a bit,2,4
孩子,haizi,child/children,2,4
觉得,juede,to feel/think,2,4
便宜,pianyi,cheap/inexpensive,2,4
好吃,haochi,delicious,2,4
手机,shouji,mobile phone,2,4
可能,keneng,possible/maybe,2,4
旅游,lüyou,to travel/tour,2,4
起床,qi chuang,to get up,2,4
小时,xiaoshi,hour,2,4
可以,keyi,can/may,2,4
手表,shoubiao,watch/wristwatch,2,4
所以,suoyi,so/therefore,2,4
考试,kaoshi,exam/test,2,4
跑步,paobu,to run/jog,2,4
准备,zhunbei,to prepare,2,4
姐姐,jiejie,older sister,2,4
晚上,wanshang,evening/night,2,4
眼睛,yanjing,eye(s),2,4
已经,yijing,already,2,4
早上,zaoshang,morning,2,4
左边,zuobian,left side,2,4
唱歌,changge,to sing,2,4
大家,dajia,everyone,2,4
第一,diyi,first,2,4
上班,shangban,to go to work,2,4
面条,miantiao,noodles,2,4
去年,qunian,last year,2,4
问题,wenti,question/problem,2,4
报纸,baozhi,newspaper,2,4
跳舞,tiaowu,to dance,2,4
一起,yiqi,together,2,4
但是,danshi,but/however,2,4
教室,jiaoshi,classroom,2,4
介绍,jieshao,to introduce,2,4
快乐,kuaile,happy/joyful,2,4
运动,yundong,sports/exercise,2,4
正在,zhengzai,in the process of,2,4
弟弟,didi,younger brother,2,4
告诉,gaosu,to tell,2,4
妹妹,meimei,younger sister,2,4
事情,shiqing,matter/affair/thing,2,4
意思,yisi,meaning,2,4
右边,youbian,right side,2,4
丈夫,zhangfu,husband,2,4
踢足球,tizuqiu,踢足球,2,4
服务员,fuwuyuan,服务员,2,4
火车站,huochezhan,火车站,2,4
打篮球,da lanqiu,打篮球,2,4
为什么,weishenme,为什么,2,4
公共汽车,gonggong qiche,公共汽车,2,4
班,ban,班,3,3
搬,ban,搬,3,3
包,bao,包,3,3
春,chun,春,3,3
灯,deng,灯,3,3
东,dong,东,3,3
冬,dong,冬,3,3
发,fa,发,3,3
分,fen,分,3,3
跟,gen,跟,3,3
关,guan,关,3,3
花,hua,花,3,3
教,jiao,教,3,3
接,jie,接,3,3
哭,ku,哭,3,3
秋,qiu,秋,3,3
双,shuang,双,3,3
西,xi,西,3,3
先,xian,先,3,3
张,zhang,张,3,3
只,zhi,只,3,3
才,cai,才,3,3
层,ceng,层,3,3
长,chang,long,3,3
船,chuan,船,3,3
还,hai,still/also,3,3
极,ji,极,3,3
蓝,lan,蓝,3,3
楼,lou,楼,3,3
拿,na,拿,3,3
南,nan,南,3,3
难,nan,难,3,3
骑,qi,骑,3,3
疼,teng,疼,3,3
甜,tian,甜,3,3
条,tiao,条,3,3
元,yuan,元,3,3
矮,ai,矮,3,3
把,ba,把,3,3
饱,bao,饱,3,3
草,cao,草,3,3
短,duan,短,3,3
讲,jiang,讲,3,3
角,jiao,角,3,3
脚,jiao,脚,3,3
久,jiu,久,3,3
渴,ke,渴,3,3
口,kou,口,3,3
老,lao,老,3,3
脸,lian,脸,3,3
马,ma,马,3,3
米,mi,米,3,3
鸟,niao,鸟,3,3
伞,san,伞,3,3
腿,tui,腿,3,3
碗,wan,碗,3,3
种,zhong,种,3,3
嘴,zui,嘴,3,3
半,ban,半,3,3
被,bei,被,3,3
差,cha,差,3,3
带,dai,带,3,3
地,di,地,3,3
段,duan,段,3,3
饿,e,饿,3,3
放,fang,放,3,3
过,guo,to pass/cross,3,3
画,hua,画,3,3
坏,huai,坏,3,3
换,huan,换,3,3
借,jie,借,3,3
旧,jiu,旧,3,3
刻,ke,刻,3,3
辆,liang,辆,3,3
绿,lü,绿,3,3
胖,pang,胖,3,3
试,shi,试,3,3
瘦,shou,瘦,3,3
树,shu,树,3,3
万,wan,万,3,3
为,wei,为,3,3
位,wei,位,3,3
夏,xia,夏,3,3
向,xiang,向,3,3
像,xiang,像,3,3
用,yong,用,3,3
又,you,又,3,3
越,yue,越,3,3
站,zhan,站,3,3
啊,a,啊,3,3
冰箱,bingxiang,冰箱,3,3
参加,canjia,参加,3,3
担心,danxin,担心,3,3
发烧,fashao,发烧,3,3
公斤,gongjin,公斤,3,3
刮风,guafeng,刮风,3,3
关心,guanxin,关心,3,3
几乎,jihu,几乎,3,3
声音,shengyin,声音,3,3
司机,siji,司机,3,3
香蕉,xiangjiao,香蕉,3,3
新鲜,xinxian,新鲜,3,3
应该,yinggai,应该,3,3
中间,zhongjian,中间,3,3
阿姨,ayi,阿姨,3,3
帮忙,bangmang,帮忙,3,3
当然,dangran,当然,3,3
刚才,gangcai,刚才,3,3
公园,gongyuan,公园,3,3
关于,guanyu,关于,3,3
欢迎,huanying,欢迎,3,3
经常,jingchang,经常,3,3
空调,kongtiao,空调,3,3
刷牙,shuaya,刷牙,3,3
突然,turan,突然,3,3
新闻,xinwen,新闻,3,3
要求,yaoqiu,要求,3,3
中文,zhongwen,中文,3,3
终于,zhongyu,终于,3,3
黑板,heiban,黑板,3,3
经理,jingli,经理,3,3
安静,anjing,安静,3,3
超市,chaoshi,超市,3,3
发现,faxian,发现,3,3
方便,fangbian,方便,3,3
干净,ganjing,干净,3,3
根据,genju,根据,3,3
机会,jihui,机会,3,3
街道,jiedao,街道,3,3
经过,jingguo,经过,3,3
生气,shengqi,生气,3,3
相信,xiangxin,相信,3,3
需要,xuyao,需要,3,3
音乐,yinyue,音乐,3,3
周末,zhoumo,周末,3,3
聪明,congming,聪明,3,3
多么,duome,多么,3,3
关系,guanxi,关系,3,3
清楚,qingchu,清楚,3,3
叔叔,shushu,叔叔,3,3
舒服,shufu,舒服,3,3
国家,guojia,国家,3,3
结婚,jiehun,结婚,3,3
离开,likai,离开,3,3
聊天,liaotian,聊天,3,3
邻居,linju,邻居,3,3
年轻,nianqing,年轻,3,3
爬山,pashan,爬山,3,3
其他,qita,其他,3,3
提高,tigao,提高,3,3
熊猫,xiongmao,熊猫,3,3
黄河,huanghe,黄河,3,3
回答,huida,回答,3,3
留学,liuxue,留学,3,3
年级,nianji,年级,3,3
皮鞋,pixie,皮鞋,3,3
其实,qishi,其实,3,3
完成,wancheng,完成,3,3
银行,yinhang,银行,3,3
着急,zhaoji,着急,3,3
词典,cidian,词典,3,3
而且,erqie,而且,3,3
啤酒,pijiu,啤酒,3,3
如果,ruguo,如果,3,3
不但,budan,不但,3,3
成绩,chengji,成绩,3,3
城市,chengshi,城市,3,3
迟到,chidao,迟到,3,3
环境,huanjing,环境,3,3
节目,jiemu,节目,3,3
结束,jieshu,结束,3,3
节日,jieri,节日,3,3
决定,jueding,决定,3,3
难过,nanguo,难过,3,3
奇怪,qiguai,奇怪,3,3
然后,ranhou,然后,3,3
容易,rongyi,容易,3,3
同事,tongshi,同事,3,3
同意,tongyi,同意,3,3
文化,wenhua,文化,3,3
习惯,xiguan,习惯,3,3
一定,yiding,一定,3,3
一共,yigong,一共,3,3
一会儿,yihuir,一会儿,3,3
一样,yiyang,一样,3,3
游戏,youxi,游戏,3,3
鼻子,bizi,鼻子,3,3
别人,bieren,别人,3,3
除了,chule,除了,3,3
还是,haishi,还是,3,3
明白,mingbai,明白,3,3
盘子,panzi,盘子,3,3
瓶子,pingzi,瓶子,3,3
裙子,qunzi,裙子,3,3
头发,toufa,头发,3,3
爷爷,yeye,爷爷,3,3
北方,beifang,北方,3,3
简单,jiandan,简单,3,3
起飞,qifei,起飞,3,3
小心,xiaoxin,小心,3,3
检查,jiancha,检查,3,3
解决,jiejue,解决,3,3
水平,shuiping,水平,3,3
选择,xuanze,选择,3,3
以前,yiqian,以前,3,3
有名,youming,有名,3,3
打扫,dasao,打扫,3,3
了解,liaojie,了解,3,3
洗澡,xizao,洗澡,3,3
影响,yingxiang,影响,3,3
只有,zhiyou,只有,3,3
比较,bijiao,比较,3,3
比赛,bisai,比赛,3,3
打算,dasuan,打算,3,3
感冒,ganmao,感冒,3,3
可爱,ke'ai,可爱,3,3
礼物,liwu,礼物,3,3
马上,mashang,马上,3,3
满意,manyi,满意,3,3
努力,nuli,努力,3,3
请假,qingjia,请假,3,3
体育,tiyu,体育,3,3
饮料,yinliao,饮料,3,3
主要,zhuyao,主要,3,3
总是,zongshi,总是,3,3
耳朵,erduo,耳朵,3,3
奶奶,nainai,奶奶,3,3
起来,qilai,起来,3,3
必须,bixu,必须,3,3
菜单,caidan,菜单,3,3
衬衫,chenshan,衬衫,3,3
蛋糕,dangao,蛋糕,3,3
电梯,dianti,电梯,3,3
放心,fangxin,放心,3,3
健康,jiankang,健康,3,3
面包,mianbao,面包,3,3
认真,renzhen,认真,3,3
一般,yiban,一般,3,3
一边,yibian,一边,3,3
地图,ditu,地图,3,3
复习,fuxi,复习,3,3
后来,houlai,后来,3,3
季节,jijie,季节,3,3
客人,keren,客人,3,3
练习,lianxi,练习,3,3
热情,reqing,热情,3,3
认为,renwei,认为,3,3
数学,shuxue,数学,3,3
太阳,taiyang,太阳,3,3
特别,tebie,特别,3,3
一直,yizhi,一直,3,3
办法,banfa,办法,3,3
地铁,ditie,地铁,3,3
或者,huozhe,或者,3,3
历史,lishi,历史,3,3
上网,shangwang,上网,3,3
校长,xiaozhang,校长,3,3
自己,ziji,自己,3,3
爱好,aihao,爱好,3,3
变化,bianhua,变化,3,3
动物,dongwu,动物,3,3
锻炼,duanlian,锻炼,3,3
附近,fujin,附近,3,3
过去,guoqu,过去,3,3
害怕,haipa,害怕,3,3
护照,huzhao,护照,3,3
会议,huiyi,会议,3,3
见面,jianmian,见面,3,3
世界,shijie,世界,3,3
忘记,wangji,忘记,3,3
遇到,yudao,遇到,3,3
愿意,yuanyi,愿意,3,3
照片,zhaopian,照片,3,3
重要,zhongyao,重要,3,3
注意,zhuyi,注意,3,3
最后,zuihou,最后,3,3
最近,zuijin,最近,3,3
作业,zuoye,作业,3,3
地方,difang,地方,3,3
个子,gezi,个子,3,3
故事,gushi,故事,3,3
记得,jide,记得,3,3
句子,juzi,句子,3,3
裤子,kuzi,裤子,3,3
筷子,kuaizi,筷子,3,3
帽子,maozi,帽子,3,3
为了,weile,为了,3,3
月亮,yueliang,月亮,3,3
照顾,zhaogu,照顾,3,3
更,gèng,更,3,3
图书馆,tushuguan,图书馆,3,3
行李箱,xinglixiang,行李箱,3,3
洗手间,xishoujian,洗手间,3,3
笔记本,bijiben,笔记本,3,3
感兴趣,gan xingqu,感兴趣,3,3
办公室,bangongshi,办公室,3,3
自行车,zixingche,自行车,3,3
照相机,zhaoxiangji,照相机,3,3
信用卡,xinyongka,信用卡,3,3
电子邮件,dianzi youjian,电子邮件,3,3
擦,ca,擦,4,3
猜,cai,猜,4,3
当,dang,当,4,3
刀,dao,刀,4,3
低,di,低,4,3
丢,diu,丢,4,3
干,gan,干,4,3
刚,gang,刚,4,3
光,guang,光,4,3
交,jiao,交,4,3
棵,ke,棵,4,3
空,kong,空,4,3
拉,la,拉,4,3
篇,pian,篇,4,3
敲,qiao,敲,4,3
轻,qing,轻,4,3
扔,reng,扔,4,3
深,shen,深,4,3
收,shou,收,4,3
输,shu,输,4,3
酸,suan,酸,4,3
汤,tang,汤,4,3
推,tui,推,4,3
脱,tuo,脱,4,3
香,xiang,香,4,3
脏,zang,脏,4,3
之,zhi,之,4,3
租,zu,租,4,3
尝,chang,尝,4,3
存,cun,存,4,3
而,er,而,4,3
节,jie,节,4,3
连,lian,连,4,3
留,liu,留,4,3
毛,mao,毛,4,3
陪,pei,陪,4,3
桥,qiao,桥,4,3
穷,qiong,穷,4,3
台,tai,台,4,3
抬,tai,抬,4,3
谈,tan,谈,4,3
糖,tang,糖,4,3
提,ti,提,4,3
停,ting,停,4,3
无,wu,无,4,3
咸,xian,咸,4,3
行,xing,行,4,3
盐,yan,盐,4,3
赢,ying,赢,4,3
由,you,由,4,3
云,yun,云,4,3
场,chang,场,4,3
倒,dao,倒,4,3
等,deng,to wait,4,3
底,di,底,4,3
赶,gan,赶,4,3
敢,gan,敢,4,3
火,huo,火,4,3
假,jia,假,4,3
举,ju,举,4,3
苦,ku,苦,4,3
懒,lan,懒,4,3
俩,liang,俩,4,3
满,man,满,4,3
秒,miao,秒,4,3
取,qu,取,4,3
省,sheng,省,4,3
使,shi,使,4,3
死,si,死,4,3
躺,tang,躺,4,3
挺,ting,挺,4,3
响,xiang,响,4,3
醒,xing,醒,4,3
以,yi,以,4,3
与,yu,与,4,3
指,zhi,指,4,3
转,zhuan,转,4,3
棒,bang,棒,4,3
抱,bao,抱,4,3
倍,bei,倍,4,3
笨,ben,笨,4,3
遍,bian,遍,4,3
戴,dai,戴,4,3
掉,diao,掉,4,3
份,fen,份,4,3
富,fu,富,4,3
各,ge,各,4,3
够,gou,够,4,3
挂,gua,挂,4,3
逛,guang,逛,4,3
汗,han,汗,4,3
厚,hou,厚,4,3
寄,ji,寄,4,3
困,kun,困,4,3
辣,la,辣,4,3
乱,luan,乱,4,3
梦,meng,梦,4,3
内,nei,内,4,3
弄,nong,弄,4,3
骗,pian,骗,4,3
破,po,破,4,3
却,que,却,4,3
剩,sheng,剩,4,3
帅,shuai,帅,4,3
趟,tang,趟,4,3
页,ye,页,4,3
照,zhao,照,4,3
重,zhong,重,4,3
赚,zhuan,赚,4,3
座,zuo,座,4,3
得,de,particle,4,3
呀,ya,呀,4,3
餐厅,canting,餐厅,4,3
参观,canguan,参观,4,3
吃惊,chi jing,吃惊,4,3
抽烟,chouyan,抽烟,4,3
出差,chu chai,出差,4,3
出发,chufa,出发,4,3
出生,chusheng,出生,4,3
粗心,cuxin,粗心,4,3
发生,fasheng,发生,4,3
干杯,gan bei,干杯,4,3
工资,gongzi,工资,4,3
加班,jia ban,加班,4,3
交通,jiaotong,交通,4,3
郊区,jiaoqu,郊区,4,3
开心,kaixin,开心,4,3
轻松,qingsong,轻松,4,3
沙发,shafa,沙发,4,3
伤心,shangxin,伤心,4,3
稍微,shaowei,稍微,4,3
通知,tongzhi,通知,4,3
增加,zengjia,增加,4,3
安排,anpai,安排,4,3
安全,anquan,安全,4,3
当时,dangshi,当时,4,3
积极,jiji,积极,4,3
坚持,jianchi,坚持,4,3
将来,jianglai,将来,4,3
交流,jiaoliu,交流,4,3
科学,kexue,科学,4,3
批评,piping,批评,4,3
区别,qubie,区别,4,3
森林,senlin,森林,4,3
生活,shenghuo,生活,4,3
说明,shuoming,说明,4,3
推迟,tuichi,推迟,4,3
相同,xiangtong,相同,4,3
心情,xinqing,心情,4,3
支持,zhichi,支持,4,3
周围,zhouwei,周围,4,3
专门,zhuanmen,专门,4,3
标准,biaozhun,标准,4,3
发展,fazhan,发展,4,3
方法,fangfa,方法,4,3
公里,gongli,公里,4,3
积累,jilei,积累,4,3
基础,jichu,基础,4,3
精彩,jingcai,精彩,4,3
缺点,quedian,缺点,4,3
缺少,queshao,缺少,4,3
申请,shenqing,申请,4,3
危险,weixian,危险,4,3
污染,wuran,污染,4,3
吸引,xiyin,吸引,4,3
相反,xiangfan,相反,4,3
辛苦,xinku,辛苦,4,3
修理,xiuli,修理,4,3
邀请,yaoqing,邀请,4,3
因此,yinci,因此,4,3
优点,youdian,优点,4,3
超过,chaoguo,超过,4,3
出现,chuxian,出现,4,3
翻译,fanyi,翻译,4,3
方面,fangmian,方面,4,3
方向,fangxiang,方向,4,3
丰富,fengfu,丰富,4,3
估计,guji,估计,4,3
关键,guanjian,关键,4,3
观众,guanzhong,观众,4,3
规定,guiding,规定,4,3
激动,jidong,激动,4,3
家具,jiaju,家具,4,3
骄傲,jiao'ao,骄傲,4,3
接受,jieshou,接受,4,3
京剧,jingju,京剧,4,3
经济,jingji,经济,4,3
经历,jingli,经历,4,3
经验,jingyan,经验,4,3
究竟,jiujing,究竟,4,3
空气,kongqi,空气,4,3
千万,qianwan,千万,4,3
签证,qianzheng,签证,4,3
生命,shengming,生命,4,3
失败,shibai,失败,4,3
失望,shiwang,失望,4,3
收入,shouru,收入,4,3
通过,tongguo,通过,4,3
温度,wendu,温度,4,3
兴奋,xingfen,兴奋,4,3
压力,yali,压力,4,3
优秀,youxiu,优秀,4,3
幽默,youmo,幽默,4,3
约会,yuehui,约会,4,3
招聘,zhaopin,招聘,4,3
真正,zhenzheng,真正,4,3
专业,zhuanye,专业,4,3
尊重,zunzhong,尊重,4,3
包子,baozi,包子,4,3
窗户,chuanghu,窗户,4,3
胳膊,gebo,胳膊,4,3
功夫,gongfu,功夫,4,3
接着,jiezhe,接着,4,3
亲戚,qinqi,亲戚,4,3
商量,shangliang,商量,4,3
生意,shengyi,生意,4,3
师傅,shifu,师傅,4,3
收拾,shoushi,收拾,4,3
孙子,sunzi,孙子,4,3
消息,xiaoxi,消息,4,3
知识,zhishi,知识,4,3
长江,changjiang,长江,4,3
成功,chenggong,成功,4,3
重新,chongxin,重新,4,3
传真,chuanzhen,传真,4,3
房东,fangdong,房东,4,3
航班,hangban,航班,4,3
节约,jieyue,节约,4,3
毛巾,maojin,毛巾,4,3
皮肤,pifu,皮肤,4,3
其中,qizhong,其中,4,3
十分,shifen,十分,4,3
熟悉,shuxi,熟悉,4,3
提供,tigong,提供,4,3
文章,wenzhang,文章,4,3
学期,xueqi,学期,4,3
牙膏,yagao,牙膏,4,3
研究,yanjiu,研究,4,3
阳光,yangguang,阳光,4,3
原因,yuanyin,原因,4,3
直接,zhijie,直接,4,3
长城,changcheng,长城,4,3
成为,chengwei,成为,4,3
诚实,chengshi,诚实,4,3
厨房,chufang,厨房,4,3
从来,conglai,从来,4,3
儿童,ertong,儿童,4,3
符合,fuhe,符合,4,3
国籍,guoji,国籍,4,3
合格,hege,合格,4,3
怀疑,huaiyi,怀疑,4,3
及时,jishi,及时,4,3
零钱,lingqian,零钱,4,3
流行,liuxing,流行,4,3
民族,minzu,民族,4,3
年龄,nianling,年龄,4,3
平时,pingshi,平时,4,3
然而,ran'er,然而,4,3
仍然,rengran,仍然,4,3
提前,tiqian,提前,4,3
同情,tongqing,同情,4,3
同时,tongshi,同时,4,3
完全,wanquan,完全,4,3
无聊,wuliao,无聊,4,3
严格,yange,严格,4,3
尤其,youqi,尤其,4,3
由于,youyu,由于,4,3
邮局,youju,邮局,4,3
原来,yuanlai,原来,4,3
词语,ciyu,词语,4,3
烦恼,fannao,烦恼,4,3
即使,jishi,即使,4,3
结果,jieguo,结果,4,3
提醒,tixing,提醒,4,3
博士,boshi,博士,4,3
不过,buguo,不过,4,3
材料,cailiao,材料,4,3
乘坐,chengzuo,乘坐,4,3
答案,da'an,答案,4,3
得意,deyi,得意,4,3
国际,guoji,国际,4,3
寒假,hanjia,寒假,4,3
合适,heshi,合适,4,3
回忆,huiyi,回忆,4,3
活动,huodong,活动,4,3
来自,laizi,来自,4,3
联系,lianxi,联系,4,3
流利,liuli,流利,4,3
迷路,milu,迷路,4,3
难道,nandao,难道,4,3
难受,nanshou,难受,4,3
能力,nengli,能力,4,3
排队,pai dui,排队,4,3
排列,pailie,排列,4,3
其次,qici,其次,4,3
情况,qingkuang,情况,4,3
全部,quanbu,全部,4,3
实际,shiji,实际,4,3
实在,shizai,实在,4,3
随便,suibian,随便,4,3
填空,tiankong,填空,4,3
条件,tiaojian,条件,4,3
无论,wulun,无论,4,3
详细,xiangxi,详细,4,3
严重,yanzhong,严重,4,3
一切,yiqie,一切,4,3
于是,yushi,于是,4,3
愉快,yukuai,愉快,4,3
原谅,yuanliang,原谅,4,3
杂志,zazhi,杂志,4,3
责任,zeren,责任,4,3
职业,zhiye,职业,4,3
植物,zhiwu,植物,4,3
盒子,hezi,盒子,4,3
活泼,huopo,活泼,4,3
咳嗽,kesou,咳嗽,4,3
凉快,liangkuai,凉快,4,3
麻烦,mafan,麻烦,4,3
脾气,piqi,脾气,4,3
葡萄,putao,葡萄,4,3
勺子,shaozi,勺子,4,3
随着,suizhe,随着,4,3
咱们,zanmen,咱们,4,3
值得,zhide,值得,4,3
饼干,binggan,饼干,4,3
打针,dazhen,打针,4,3
堵车,duche,堵车,4,3
广播,guangbo,广播,4,3
果汁,guozhi,果汁,4,3
奖金,jiangjin,奖金,4,3
紧张,jinzhang,紧张,4,3
烤鸭,kaoya,烤鸭,4,3
可惜,kexi,可惜,4,3
首都,shoudu,首都,4,3
首先,shouxian,首先,4,3
小吃,xiaochi,小吃,4,3
小说,xiaoshuo,小说,4,3
许多,xuduo,许多,4,3
演出,yanchu,演出,4,3
本来,benlai,本来,4,3
比如,biru,比如,4,3
表格,biaoge,表格,4,3
表扬,biaoyang,表扬,4,3
打折,dazhe,打折,4,3
导游,daoyou,导游,4,3
否则,fouze,否则,4,3
感觉,ganjue,感觉,4,3
感情,ganqing,感情,4,3
海洋,haiyang,海洋,4,3
减肥,jianfei,减肥,4,3
警察,jingcha,警察,4,3
举行,juxing,举行,4,3
可怜,kelian,可怜,4,3
旅行,lüxing,旅行,4,3
网球,wangqiu,网球,4,3
演员,yanyuan,演员,4,3
养成,yangcheng,养成,4,3
以为,yiwei,以为,4,3
语言,yuyan,语言,4,3
准时,zhunshi,准时,4,3
总结,zongjie,总结,4,3
表演,biaoyan,表演,4,3
打扰,darao,打扰,4,3
管理,guanli,管理,4,3
减少,jianshao,减少,4,3
尽管,jinguan,尽管,4,3
老虎,laohu,老虎,4,3
理解,lijie,理解,4,3
理想,lixiang,理想,4,3
偶尔,ou'er,偶尔,4,3
所有,suoyou,所有,4,3
往往,wangwang,往往,4,3
也许,yexu,也许,4,3
引起,yinqi,引起,4,3
永远,yongyuan,永远,4,3
勇敢,yonggan,勇敢,4,3
友好,youhao,友好,4,3
语法,yufa,语法,4,3
允许,yunxu,允许,4,3
整理,zhengli,整理,4,3
只好,zhihao,只好,4,3
保护,baohu,保护,4,3
保证,baozheng,保证,4,3
表示,biaoshi,表示,4,3
打印,dayin,打印,4,3
短信,duanxin,短信,4,3
法律,falü,法律,4,3
反对,fandui,反对,4,3
改变,gaibian,改变,4,3
感动,gandong,感动,4,3
感谢,ganxie,感谢,4,3
鼓励,guli,鼓励,4,3
广告,guanggao,广告,4,3
好像,haoxiang,好像,4,3
解释,jieshi,解释,4,3
景色,jingse,景色,4,3
举办,juban,举办,4,3
考虑,kaolü,考虑,4,3
可是,keshi,可是,4,3
肯定,kending,肯定,4,3
恐怕,kongpa,恐怕,4,3
冷静,lengjing,冷静,4,3
礼貌,limao,礼貌,4,3
理发,lifa,理发,4,3
美丽,meili,美丽,4,3
免费,mian fei,免费,4,3
普遍,pubian,普遍,4,3
使用,shiyong,使用,4,3
讨论,taolun,讨论,4,3
讨厌,taoyan,讨厌,4,3
网站,wangzhan,网站,4,3
眼镜,yanjing,眼镜,4,3
友谊,youyi,友谊,4,3
有趣,youqu,有趣,4,3
只要,zhiyao,只要,4,3
准确,zhunque,准确,4,3
仔细,zixi,仔细,4,3
左右,zuoyou,左右,4,3
打扮,daban,打扮,4,3
好处,haochu,好处,4,3
饺子,jiaozi,饺子,4,3
马虎,mahu,马虎,4,3
母亲,muqin,母亲,4,3
暖和,nuanhuo,暖和,4,3
主意,zhuyi,主意,4,3
差不多,chabuduo,差不多,4,3
大约,dayue,大约,4,3
放松,fangsong,放松,4,3
害羞,hai xiu,害羞,4,3
互相,huxiang,互相,4,3
降低,jiangdi,降低,4,3
竞争,jingzheng,竞争,4,3
客厅,keting,客厅,4,3
律师,lüshi,律师,4,3
耐心,naixin,耐心,4,3
现金,xianjin,现金,4,3
信封,xinfeng,信封,4,3
信息,xinxi,信息,4,3
信心,xinxin,信心,4,3
亚洲,yazhou,亚洲,4,3
作家,zuojia,作家,4,3
爱情,aiqing,爱情,4,3
按时,anshi,按时,4,3
报名,bao ming,报名,4,3
地球,diqiu,地球,4,3
调查,diaocha,调查,4,3
对于,duiyu,对于,4,3
负责,fuze,负责,4,3
复杂,fuza,复杂,4,3
共同,gongtong,共同,4,3
过程,guocheng,过程,4,3
获得,huode,获得,4,3
既然,jiran,既然,4,3
价格,jiage,价格,4,3
进行,jinxing,进行,4,3
竟然,jingran,竟然,4,3
拒绝,jujue,拒绝,4,3
距离,juli,距离,4,3
例如,liru,例如,4,3
内容,neirong,内容,4,3
确实,queshi,确实,4,3
任何,renhe,任何,4,3
适合,shihe,适合,4,3
橡皮,xiangpi,橡皮,4,3
幸福,xingfu,幸福,4,3
性别,xingbie,性别,4,3
性格,xingge,性格,4,3
预习,yuxi,预习,4,3
阅读,yuedu,阅读,4,3
暂时,zanshi,暂时,4,3
正常,zhengchang,正常,4,3
证明,zhengming,证明,4,3
著名,zhuming,著名,4,3
自然,ziran,自然,4,3
并且,bingqie,并且,4,3
不管,buguan,不管,4,3
不仅,bujin,不仅,4,3
厕所,cesuo,厕所,4,3
到底,dao di,到底,4,3
地点,didian,地点,4,3
地址,dizhi,地址,4,3
付款,fu kuan,付款,4,3
号码,haoma,号码,4,3
后悔,houhui,后悔,4,3
记者,jizhe,记者,4,3
禁止,jinzhi,禁止,4,3
看法,kanfa,看法,4,3
密码,mima,密码,4,3
入口,rukou,入口,4,3
是否,shifou,是否,4,3
特点,tedian,特点,4,3
效果,xiaoguo,效果,4,3
正好,zhenghao,正好,4,3
至少,zhishao,至少,4,3
重点,zhongdian,重点,4,3
最好,zuihao,最好,4,3
作者,zuozhe,作者,4,3
按照,anzhao,按照,4,3
抱歉,baoqian,抱歉,4,3
毕业,bi ye,毕业,4,3
错误,cuowu,错误,4,3
大概,dagai,大概,4,3
到处,daochu,到处,4,3
道歉,daoqian,道歉,4,3
动作,dongzuo,动作,4,3
对话,duihua,对话,4,3
对面,duimian,对面,4,3
放弃,fangqi,放弃,4,3
复印,fuyin,复印,4,3
购物,gouwu,购物,4,3
故意,guyi,故意,4,3
顾客,guke,顾客,4,3
计划,jihua,计划,4,3
技术,jishu,技术,4,3
继续,jixu,继续,4,3
建议,jianyi,建议,4,3
降落,jiangluo,降落,4,3
教授,jiaoshou,教授,4,3
教育,jiaoyu,教育,4,3
聚会,juhui,聚会,4,3
浪费,langfei,浪费,4,3
浪漫,langman,浪漫,4,3
另外,lingwai,另外,4,3
目的,mudi,目的,4,3
判断,panduan,判断,4,3
气候,qihou,气候,4,3
日记,riji,日记,4,3
散步,san bu,散步,4,3
社会,shehui,社会,4,3
甚至,shenzhi,甚至,4,3
世纪,shiji,世纪,4,3
适应,shiying,适应,4,3
受到,shoudao,受到,4,3
数量,shuliang,数量,4,3
数字,shuzi,数字,4,3
顺便,shunbian,顺便,4,3
顺利,shunli,顺利,4,3
顺序,shunxu,顺序,4,3
硕士,shuoshi,硕士,4,3
速度,sudu,速度,4,3
误会,wuhui,误会,4,3
羡慕,xianmu,羡慕,4,3
艺术,yishu,艺术,4,3
意见,yijian,意见,4,3
印象,yinxiang,印象,4,3
应聘,yingpin,应聘,4,3
占线,zhanxian,占线,4,3
正确,zhengque,正确,4,3
正式,zhengshi,正式,4,3
质量,zhiliang,质量,4,3
重视,zhongshi,重视,4,3
祝贺,zhuhe,祝贺,4,3
自信,zixin,自信,4,3
作用,zuoyong,作用,4,3
座位,zuowei,座位,4,3
部分,bufen,部分,4,3
大夫,daifu,大夫,4,3
肚子,duzi,肚子,4,3
父亲,fuqin,父亲,4,3
护士,hushi,护士,4,3
镜子,jingzi,镜子,4,3
困难,kunnan,困难,4,3
力气,liqi,力气,4,3
厉害,lihai,厉害,4,3
热闹,renao,热闹,4,3
任务,renwu,任务,4,3
态度,taidu,态度,4,3
袜子,wazi,袜子,4,3
味道,weidao,味道,4,3
笑话,xiaohua,笑话,4,3
样子,yangzi,样子,4,3
要是,yaoshi,要是,4,3
钥匙,yaoshi,钥匙,4,3
叶子,yezi,叶子,4,3
登机牌,dengjipai,登机牌,4,3
乒乓球,pingpangqiu,乒乓球,4,3
垃圾桶,lajitong,垃圾桶,4,3
加油站,jiayouzhan,加油站,4,3
开玩笑,kai wanxiao,开玩笑,4,3
西红柿,xihongshi,西红柿,4,3
弹钢琴,tan gangqin,弹钢琴,4,3
来不及,lai bu ji,来不及,4,3
来得及,lai de ji,来得及,4,3
百分之,baifenzhi,百分之,4,3
普通话,putonghua,普通话,4,3
打招呼,dazhaohu,打招呼,4,3
羽毛球,yumaoqiu,羽毛球,4,3
小伙子,xiaohuozi,小伙子,4,3
礼拜天,libaitian,礼拜天,4,3
巧克力,qiaokeli,巧克力,4,3
卫生间,weishengjian,卫生间,4,3
互联网,hulianwang,互联网,4,3
矿泉水,kuangquanshui,矿泉水,4,3
不得不,bu de bu,不得不,4,3
大使馆,dashiguan,大使馆,4,3
放暑假,fang shujia,放暑假,4,3
售货员,shouhuoyuan,售货员,4,3
塑料袋,suliaodai,塑料袋,4,3
受不了,shou bu liao,受不了,4,3
高速公路,gaosu gonglu,高速公路,4,3
哎,ai,哎,5,2
背,bei,背,5,2
插,cha,插,5,2
拆,chai,拆,5,2
抄,chao,抄,5,2
称,cheng,称,5,2
冲,chong,冲,5,2
吹,chui,吹,5,2
催,cui,催,5,2
呆,dai,呆,5,2
滴,di,滴,5,2
堆,dui,堆,5,2
吨,dun,吨,5,2
蹲,dun,蹲,5,2
嗯,en,嗯,5,2
翻,fan,翻,5,2
方,fang,方,5,2
非,fei,非,5,2
根,gen,根,5,2
乖,guai,乖,5,2
官,guan,官,5,2
锅,guo,锅,5,2
哈,ha,哈,5,2
灰,hui,灰,5,2
挥,hui,挥,5,2
浇,jiao,浇,5,2
捐,juan,捐,5,2
颗,ke,颗,5,2
夸,kua,夸,5,2
宽,kuan,宽,5,2
摸,mo,摸,5,2
拍,pai,拍,5,2
批,pi,批,5,2
披,pi,披,5,2
飘,piao,飘,5,2
签,qian,签,5,2
枪,qiang,枪,5,2
切,qie,切,5,2
青,qing,青,5,2
圈,quan,圈,5,2
杀,sha,杀,5,2
伸,shen,伸,5,2
升,sheng,升,5,2
诗,shi,诗,5,2
撕,si,撕,5,2
偷,tou,偷,5,2
歪,wai,歪,5,2
瞎,xia,瞎,5,2
歇,xie,歇,5,2
胸,xiong,胸,5,2
腰,yao,腰,5,2
晕,yun,晕,5,2
摘,zhai,摘,5,2
睁,zheng,睁,5,2
支,zhi,支,5,2
猪,zhu,猪,5,2
抓,zhua,抓,5,2
装,zhuang,装,5,2
追,zhui,追,5,2
薄,bao,薄,5,2
朝,chao,朝,5,2
扶,fu,扶,5,2
幅,fu,幅,5,2
壶,hu,壶,5,2
滑,hua,滑,5,2
拦,lan,拦,5,2
雷,lei,雷,5,2
梨,li,梨,5,2
铃,ling,铃,5,2
龙,long,龙,5,2
浓,nong,浓,5,2
盆,pen,盆,5,2
平,ping,平,5,2
凭,ping,凭,5,2
墙,qiang,墙,5,2
瞧,qiao,瞧,5,2
群,qun,群,5,2
蛇,she,蛇,5,2
逃,tao,逃,5,2
桃,tao,桃,5,2
团,tuan,团,5,2
闻,wen,闻,5,2
斜,xie,斜,5,2
摇,yao,摇,5,2
银,yin,银,5,2
圆,yuan,圆,5,2
则,ze,则,5,2
直,zhi,直,5,2
摆,bai,摆,5,2
踩,cai,踩,5,2
吵,chao,吵,5,2
炒,chao,炒,5,2
丑,chou,丑,5,2
闯,chuang,闯,5,2
挡,dang,挡,5,2
顶,ding,顶,5,2
朵,duo,朵,5,2
搞,gao,搞,5,2
滚,gun,滚,5,2
喊,han,喊,5,2
甲,jia,甲,5,2
捡,jian,捡,5,2
砍,kan,砍,5,2
某,mou,某,5,2
匹,pi,匹,5,2
浅,qian,浅,5,2
抢,qiang,抢,5,2
娶,qu,娶,5,2
软,ruan,软,5,2
洒,sa,洒,5,2
傻,sha,傻,5,2
首,shou,首,5,2
甩,shuai,甩,5,2
所,suo,所,5,2
锁,suo,锁,5,2
吐,tu,吐,5,2
吻,wen,吻,5,2
痒,yang,痒,5,2
咬,yao,咬,5,2
乙,yi,乙,5,2
窄,zhai,窄,5,2
涨,zhang,涨,5,2
煮,zhu,煮,5,2
紫,zi,紫,5,2
组,zu,组,5,2
唉,ai,唉,5,2
岸,an,岸,5,2
暗,an,暗,5,2
便,bian,便,5,2
布,bu,布,5,2
册,ce,册,5,2
趁,chen,趁,5,2
臭,chou,臭,5,2
醋,cu,醋,5,2
淡,dan,淡,5,2
递,di,递,5,2
钓,diao,钓,5,2
冻,dong,冻,5,2
洞,dong,洞,5,2
逗,dou,逗,5,2
断,duan,断,5,2
顿,dun,顿,5,2
盖,gai,盖,5,2
恨,hen,恨,5,2
划,hua,划,5,2
嫁,jia,嫁,5,2
戒,jie,戒,5,2
届,jie,届,5,2
救,jiu,救,5,2
靠,kao,靠,5,2
克,ke,克,5,2
烂,lan,烂,5,2
亮,liang,亮,5,2
漏,lou,漏,5,2
骂,ma,骂,5,2
嫩,nen,嫩,5,2
念,nian,念,5,2
派,pai,派,5,2
碰,peng,碰,5,2
片,pian,片,5,2
欠,qian,欠,5,2
劝,quan,劝,5,2
绕,rao,绕,5,2
弱,ruo,弱,5,2
晒,shai,晒,5,2
数,shu,数,5,2
税,shui,税,5,2
碎,sui,碎,5,2
烫,tang,烫,5,2
套,tao,套,5,2
退,tui,退,5,2
胃,wei,胃,5,2
勿,wu,勿,5,2
雾,wu,雾,5,2
系,xi,系,5,2
吓,xia,吓,5,2
县,xian,县,5,2
项,xiang,项,5,2
血,xue,血,5,2
夜,ye,夜,5,2
亿,yi,亿,5,2
硬,ying,硬,5,2
占,zhan,占,5,2
阵,zhen,阵,5,2
正,zheng,正,5,2
挣,zheng,挣,5,2
撞,zhuang,撞,5,2
醉,zui,醉,5,2
安装,anzhuang,安装,5,2
悲观,beiguan,悲观,5,2
操心,cao xin,操心,5,2
车厢,chexiang,车厢,5,2
吃亏,chikui,吃亏,5,2
粗糙,cucao,粗糙,5,2
当心,dangxin,当心,5,2
多亏,duokui,多亏,5,2
发挥,fahui,发挥,5,2
分析,fenxi,分析,5,2
纷纷,fenfen,纷纷,5,2
公开,gongkai,公开,5,2
沟通,goutong,沟通,5,2
呼吸,huxi,呼吸,5,2
花生,huasheng,花生,5,2
慌张,huangzhang,慌张,5,2
灰心,hui xin,灰心,5,2
婚姻,hunyin,婚姻,5,2
家乡,jiaxiang,家乡,5,2
嘉宾,jiabin,嘉宾,5,2
经商,jing shang,经商,5,2
开发,kaifa,开发,5,2
空间,kongjian,空间,5,2
夸张,kuazhang,夸张,5,2
欧洲,ouzhou,欧洲,5,2
拼音,pinyin,拼音,5,2
期间,qijian,期间,5,2
谦虚,qianxu,谦虚,5,2
悄悄,qiaoqiao,悄悄,5,2
青春,qingchun,青春,5,2
沙滩,shatan,沙滩,5,2
双方,shuangfang,双方,5,2
天空,tiankong,天空,5,2
天真,tianzhen,天真,5,2
突出,tuchu,突出,5,2
吸收,xishou,吸收,5,2
相当,xiangdang,相当,5,2
相关,xiangguan,相关,5,2
消失,xiaoshi,消失,5,2
虚心,xuxin,虚心,5,2
押金,yajin,押金,5,2
糟糕,zaogao,糟糕,5,2
粘贴,zhantie,粘贴,5,2
珍惜,zhenxi,珍惜,5,2
中心,zhongxin,中心,5,2
专家,zhuanjia,专家,5,2
专心,zhuanxin,专心,5,2
装修,zhuangxiu,装修,5,2
资金,zijin,资金,5,2
包含,baohan,包含,5,2
编辑,bianji,编辑,5,2
超级,chaoji,超级,5,2
出席,chuxi,出席,5,2
初级,chuji,初级,5,2
窗帘,chuanglian,窗帘,5,2
匆忙,congmang,匆忙,5,2
单纯,danchun,单纯,5,2
单独,dandu,单独,5,2
单元,danyuan,单元,5,2
多余,duoyu,多余,5,2
发愁,fa chou,发愁,5,2
发达,fada,发达,5,2
发明,faming,发明,5,2
发言,fayan,发言,5,2
分别,fenbie,分别,5,2
风格,fengge,风格,5,2
风俗,fengsu,风俗,5,2
疯狂,fengkuang,疯狂,5,2
高级,gaoji,高级,5,2
工人,gongren,工人,5,2
公平,gongping,公平,5,2
公元,gongyuan,公元,5,2
功能,gongneng,功能,5,2
观察,guancha,观察,5,2
光滑,guanghua,光滑,5,2
光临,guanglin,光临,5,2
光明,guangming,光明,5,2
光盘,guangpan,光盘,5,2
规模,guimo,规模,5,2
规则,guize,规则,5,2
忽然,huran,忽然,5,2
灰尘,huichen,灰尘,5,2
家庭,jiating,家庭,5,2
坚决,jianjue,坚决,5,2
坚强,jianqiang,坚强,5,2
兼职,jianzhi,兼职,5,2
经营,jingying,经营,5,2
居然,juran,居然,5,2
均匀,junyun,均匀,5,2
昆虫,kunchong,昆虫,5,2
缺乏,quefa,缺乏,5,2
删除,shanchu,删除,5,2
身材,shencai,身材,5,2
失眠,shimian,失眠,5,2
说服,shuo fu,说服,5,2
丝绸,sichou,丝绸,5,2
丝毫,sihao,丝毫,5,2
私人,siren,私人,5,2
通常,tongchang,通常,5,2
推辞,tuici,推辞,5,2
威胁,weixie,威胁,5,2
温柔,wenrou,温柔,5,2
香肠,xiangchang,香肠,5,2
消极,xiaoji,消极,5,2
休闲,xiuxian,休闲,5,2
宣传,xuanchuan,宣传,5,2
依然,yiran,依然,5,2
因而,yin'er,因而,5,2
英雄,yingxiong,英雄,5,2
真实,zhenshi,真实,5,2
征求,zhengqiu,征求,5,2
中旬,zhongxun,中旬,5,2
追求,zhuiqiu,追求,5,2
咨询,zixun,咨询,5,2
资格,zige,资格,5,2
资源,ziyuan,资源,5,2
综合,zonghe,综合,5,2
包裹,baoguo,包裹,5,2
标点,biaodian,标点,5,2
参考,cankao,参考,5,2
操场,caochang,操场,5,2
充满,chongman,充满,5,2
出版,chuban,出版,5,2
出口,chukou,出口,5,2
发表,fabiao,发表,5,2
发抖,fadou,发抖,5,2
分手,fenshou,分手,5,2
风景,fengjing,风景,5,2
风险,fengxian,风险,5,2
钢铁,gangtie,钢铁,5,2
根本,genben,根本,5,2
工厂,gongchang,工厂,5,2
公主,gongzhu,公主,5,2
恭喜,gongxi,恭喜,5,2
观点,guandian,观点,5,2
婚礼,hunli,婚礼,5,2
基本,jiben,基本,5,2
肩膀,jianbang,肩膀,5,2
艰苦,jianku,艰苦,5,2
交往,jiaowang,交往,5,2
胶水,jiaoshui,胶水,5,2
金属,jinshu,金属,5,2
经典,jingdian,经典,5,2
开水,kaishui,开水,5,2
批准,pizhun,批准,5,2
商品,shangpin,商品,5,2
生产,shengchan,生产,5,2
生长,shengzhang,生长,5,2
摔倒,shuaidao,摔倒,5,2
思考,sikao,思考,5,2
思想,sixiang,思想,5,2
搜索,sousuo,搜索,5,2
缩短,suoduan,缩短,5,2
推广,tuiguang,推广,5,2
温暖,wennuan,温暖,5,2
吸取,xiqu,吸取,5,2
相处,xiangchu,相处,5,2
心理,xinli,心理,5,2
欣赏,xinshang,欣赏,5,2
修改,xiugai,修改,5,2
拥挤,yongji,拥挤,5,2
优美,youmei,优美,5,2
悠久,youjiu,悠久,5,2
争取,zhengqu,争取,5,2
抓紧,zhua jin,抓紧,5,2
遵守,zunshou,遵守,5,2
安慰,anwei,安慰,5,2
包括,baokuo,包括,5,2
鞭炮,bianpao,鞭炮,5,2
标志,biaozhi,标志,5,2
播放,bofang,播放,5,2
参与,canyu,参与,5,2
差距,chaju,差距,5,2
车库,cheku,车库,5,2
称赞,chengzan,称赞,5,2
充分,chongfen,充分,5,2
抽象,chouxiang,抽象,5,2
出色,chuse,出色,5,2
出示,chushi,出示,5,2
担任,danren,担任,5,2
单调,dandiao,单调,5,2
单位,danwei,单位,5,2
当地,dangdi,当地,5,2
登记,dengji,登记,5,2
发票,fapiao,发票,5,2
方案,fang'an,方案,5,2
方式,fangshi,方式,5,2
分布,fenbu,分布,5,2
分配,fenpei,分配,5,2
干脆,gancui,干脆,5,2
干燥,ganzao,干燥,5,2
高档,gaodang,高档,5,2
工具,gongju,工具,5,2
工业,gongye,工业,5,2
公布,gongbu,公布,5,2
公寓,gongyu,公寓,5,2
关闭,guanbi,关闭,5,2
观念,guannian,观念,5,2
规律,guilü,规律,5,2
归纳,guina,归纳,5,2
忽视,hushi,忽视,5,2
恢复,huifu,恢复,5,2
机器,jiqi,机器,5,2
肌肉,jirou,肌肉,5,2
激烈,jilie,激烈,5,2
家务,jiawu,家务,5,2
艰巨,jianju,艰巨,5,2
交换,jiaohuan,交换,5,2
交际,jiaoji,交际,5,2
阶段,jieduan,阶段,5,2
接触,jiechu,接触,5,2
接待,jiedai,接待,5,2
接近,jiejin,接近,5,2
精力,jingli,精力,5,2
军事,junshi,军事,5,2
开放,kaifang,开放,5,2
期待,qidai,期待,5,2
亲爱,qin'ai,亲爱,5,2
亲切,qinqie,亲切,5,2
亲自,qinzi,亲自,5,2
轻视,qingshi,轻视,5,2
轻易,qingyi,轻易,5,2
清淡,qingdan,清淡,5,2
趋势,qushi,趋势,5,2
沙漠,shamo,沙漠,5,2
伤害,shanghai,伤害,5,2
商务,shangwu,商务,5,2
商业,shangye,商业,5,2
身份,shenfen,身份,5,2
深刻,shenke,深刻,5,2
生动,shengdong,生动,5,2
声调,shengdiao,声调,5,2
失去,shiqu,失去,5,2
失业,shi ye,失业,5,2
湿润,shirun,湿润,5,2
收获,shouhuo,收获,5,2
收据,shouju,收据,5,2
书架,shujia,书架,5,2
舒适,shushi,舒适,5,2
输入,shuru,输入,5,2
蔬菜,shucai,蔬菜,5,2
说不定,shuobuding,说不定,5,2
推荐,tuijian,推荐,5,2
危害,weihai,危害,5,2
微笑,weixiao,微笑,5,2
鲜艳,xianyan,鲜艳,5,2
相对,xiangdui,相对,5,2
相似,xiangsi,相似,5,2
消费,xiaofei,消费,5,2
消化,xiaohua,消化,5,2
销售,xiaoshou,销售,5,2
心脏,xinzang,心脏,5,2
兄弟,xiongdi,兄弟,5,2
宣布,xuanbu,宣布,5,2
因素,yinsu,因素,5,2
英俊,yingjun,英俊,5,2
拥抱,yongbao,拥抱,5,2
优惠,youhui,优惠,5,2
优势,youshi,优势,5,2
灾害,zaihai,灾害,5,2
招待,zhaodai,招待,5,2
针对,zhendui,针对,5,2
争论,zhenglun,争论,5,2
支票,zhipiao,支票,5,2
中介,zhongjie,中介,5,2
周到,zhoudao,周到,5,2
装饰,zhuangshi,装饰,5,2
姿势,zishi,姿势,5,2
资料,ziliao,资料,5,2
尊敬,zunjing,尊敬,5,2
玻璃,boli,玻璃,5,2
叉子,chazi,叉子,5,2
称呼,chenghu,称呼,5,2
抽屉,chouti,抽屉,5,2
答应,daying,答应,5,2
耽误,danwu,耽误,5,2
姑姑,gugu,姑姑,5,2
规矩,guiju,规矩,5,2
姑娘,guniang,姑娘,5,2
夹子,jiazi,夹子,5,2
结实,jieshi,结实,5,2
精神,jingshen,精神,5,2
狮子,shizi,狮子,5,2
梳子,shuzi,梳子,5,2
屋子,wuzi,屋子,5,2
曾经,cengjing,曾经,5,2
潮湿,chaoshi,潮湿,5,2
承担,chengdan,承担,5,2
除非,chufei,除非,5,2
除夕,chuxi,除夕,5,2
传播,chuanbo,传播,5,2
传说,chuanshuo,传说,5,2
服装,fuzhuang,服装,5,2
核心,hexin,核心,5,2
胡说,hushuo,胡说,5,2
黄金,huangjin,黄金,5,2
集中,jizhong,集中,5,2
决心,juexin,决心,5,2
离婚,li hun,离婚,5,2
明星,mingxing,明星,5,2
农村,nongcun,农村,5,2
平安,ping'an,平安,5,2
平方,pingfang,平方,5,2
平均,pingjun,平均,5,2
燃烧,ranshao,燃烧,5,2
人生,rensheng,人生,5,2
如今,rujin,如今,5,2
时差,shicha,时差,5,2
时期,shiqi,时期,5,2
随身,suishen,随身,5,2
台阶,taijie,台阶,5,2
提纲,tigang,提纲,5,2
投资,tou zi,投资,5,2
围巾,weijin,围巾,5,2
唯一,weiyi,唯一,5,2
维修,weixiu,维修,5,2
迎接,yingjie,迎接,5,2
员工,yuangong,员工,5,2
长途,changtu,长途,5,2
常识,changshi,常识,5,2
成人,chengren,成人,5,2
成熟,chengshu,成熟,5,2
池塘,chitang,池塘,5,2
辞职,cizhi,辞职,5,2
从而,cong'er,从而,5,2
从前,congqian,从前,5,2
敌人,diren,敌人,5,2
繁荣,fanrong,繁荣,5,2
国王,guowang,国王,5,2
豪华,haohua,豪华,5,2
和平,heping,和平,5,2
蝴蝶,hudie,蝴蝶,5,2
及格,ji ge,及格,5,2
极其,jiqi,极其,5,2
急忙,jimang,急忙,5,2
集合,jihe,集合,5,2
结合,jiehe,结合,5,2
连忙,lianmang,连忙,5,2
联合,lianhe,联合,5,2
临时,linshi,临时,5,2
灵活,linghuo,灵活,5,2
零食,lingshi,零食,5,2
流传,liuchuan,流传,5,2
轮流,lunliu,轮流,5,2
名牌,mingpai,名牌,5,2
能源,nengyuan,能源,5,2
农民,nongmin,农民,5,2
赔偿,peichang,赔偿,5,2
疲劳,pilao,疲劳,5,2
平常,pingchang,平常,5,2
平衡,pingheng,平衡,5,2
其余,qiyu,其余,5,2
前途,qiantu,前途,5,2
球迷,qiumi,球迷,5,2
人才,rencai,人才,5,2
人员,renyuan,人员,5,2
如何,ruhe,如何,5,2
时髦,shimao,时髦,5,2
实习,shixi,实习,5,2
随时,suishi,随时,5,2
调皮,tiaopi,调皮,5,2
文明,wenming,文明,5,2
文学,wenxue,文学,5,2
行人,xingren,行人,5,2
行为,xingwei,行为,5,2
形成,xingcheng,形成,5,2
形容,xingrong,形容,5,2
延长,yanchang,延长,5,2
阳台,yangtai,阳台,5,2
移民,yimin,移民,5,2
油炸,youzha,油炸,5,2
原则,yuanze,原则,5,2
着凉,zhao liang,着凉,5,2
哲学,zhexue,哲学,5,2
财产,caichan,财产,5,2
成果,chengguo,成果,5,2
成语,chengyu,成语,5,2
成长,chengzhang,成长,5,2
诚恳,chengken,诚恳,5,2
迟早,chizao,迟早,5,2
传染,chuanran,传染,5,2
传统,chuantong,传统,5,2
从此,congci,从此,5,2
罚款,fakuan,罚款,5,2
合法,hefa,合法,5,2
合理,heli,合理,5,2
合影,heying,合影,5,2
急诊,jizhen,急诊,5,2
集体,jiti,集体,5,2
节省,jiesheng,节省,5,2
厘米,limi,厘米,5,2
良好,lianghao,良好,5,2
浏览,liulan,浏览,5,2
媒体,meiti,媒体,5,2
描写,miaoxie,描写,5,2
明显,mingxian,明显,5,2
模仿,mofang,模仿,5,2
难免,nanmian,难免,5,2
培养,peiyang,培养,5,2
平等,pingdeng,平等,5,2
情景,qingjing,情景,5,2
人口,renkou,人口,5,2
随手,suishou,随手,5,2
调整,tiaozheng,调整,5,2
完美,wanmei,完美,5,2
完整,wanzheng,完整,5,2
王子,wangzi,王子,5,2
违反,weifan,违反,5,2
寻找,xunzhao,寻找,5,2
牙齿,yachi,牙齿,5,2
营养,yingyang,营养,5,2
游览,youlan,游览,5,2
着火,zhaohuo,着火,5,2
熬夜,aoye,熬夜,5,2
不断,buduan,不断,5,2
惭愧,cankui,惭愧,5,2
沉默,chenmo,沉默,5,2
成分,chengfen,成分,5,2
成就,chengjiu,成就,5,2
成立,chengli,成立,5,2
承认,chengren,承认,5,2
承受,chengshou,承受,5,2
程度,chengdu,程度,5,2
程序,chengxu,程序,5,2
持续,chixu,持续,5,2
重复,chongfu,重复,5,2
词汇,cihui,词汇,5,2
从事,congshi,从事,5,2
存在,cunzai,存在,5,2
达到,da dao,达到,5,2
的确,dique,的确,5,2
独立,duli,独立,5,2
独特,dute,独特,5,2
妨碍,fang'ai,妨碍,5,2
肥皂,feizao,肥皂,5,2
格外,gewai,格外,5,2
隔壁,gebi,隔壁,5,2
行业,hangye,行业,5,2
合作,hezuo,合作,5,2
何必,hebi,何必,5,2
何况,hekuang,何况,5,2
胡同,hutong,胡同,5,2
华裔,huayi,华裔,5,2
怀念,huainian,怀念,5,2
怀孕,huaiyun,怀孕,5,2
活跃,huoyue,活跃,5,2
结构,jiegou,结构,5,2
结论,jielun,结论,5,2
结账,jiezhang,结账,5,2
决赛,juesai,决赛,5,2
角色,juese,角色,5,2
绝对,juedui,绝对,5,2
劳动,laodong,劳动,5,2
劳驾,lao jia,劳驾,5,2
连续,lianxu,连续,5,2
零件,lingjian,零件,5,2
流泪,liulei,流泪,5,2
毛病,maobing,毛病,5,2
矛盾,maodun,矛盾,5,2
煤炭,meitan,煤炭,5,2
名片,mingpian,名片,5,2
明确,mingque,明确,5,2
模特,mote,模特,5,2
难怪,nanguai,难怪,5,2
能干,nenggan,能干,5,2
年代,niandai,年代,5,2
年纪,nianji,年纪,5,2
农业,nongye,农业,5,2
培训,peixun,培训,5,2
频道,pindao,频道,5,2
平静,pingjing,平静,5,2
评价,pingjia,评价,5,2
奇迹,qiji,奇迹,5,2
强调,qiangdiao,强调,5,2
强烈,qianglie,强烈,5,2
勤奋,qinfen,勤奋,5,2
情绪,qingxu,情绪,5,2
权力,quanli,权力,5,2
权利,quanli,权利,5,2
全面,quanmian,全面,5,2
人类,renlei,人类,5,2
人事,renshi,人事,5,2
人物,renwu,人物,5,2
神话,shenhua,神话,5,2
神秘,shenmi,神秘,5,2
时代,shidai,时代,5,2
时刻,shike,时刻,5,2
时尚,shishang,时尚,5,2
实话,shihua,实话,5,2
实践,shijian,实践,5,2
实现,shixian,实现,5,2
实验,shiyan,实验,5,2
实用,shiyong,实用,5,2
食物,shiwu,食物,5,2
熟练,shulian,熟练,5,2
谈判,tanpan,谈判,5,2
逃避,taobi,逃避,5,2
淘气,taoqi,淘气,5,2
疼爱,teng ai,疼爱,5,2
提倡,tichang,提倡,5,2
提问,tiwen,提问,5,2
题目,timu,题目,5,2
投入,touru,投入,5,2
完善,wanshan,完善,5,2
玩具,wanju,玩具,5,2
围绕,weirao,围绕,5,2
文件,wenjian,文件,5,2
文具,wenju,文具,5,2
文字,wenzi,文字,5,2
无数,wushu,无数,5,2
无奈,wunai,无奈,5,2
行动,xingdong,行动,5,2
形式,xingshi,形式,5,2
形势,xingshi,形势,5,2
形象,xingxiang,形象,5,2
形状,xingzhuang,形状,5,2
学历,xueli,学历,5,2
学术,xueshu,学术,5,2
询问,xunwen,询问,5,2
严肃,yansu,严肃,5,2
一旦,yidan,一旦,5,2
一律,yilü,一律,5,2
一再,yizai,一再,5,2
一致,yizhi,一致,5,2
移动,yidong,移动,5,2
遗憾,yihan,遗憾,5,2
疑问,yiwen,疑问,5,2
营业,yingye,营业,5,2
犹豫,youyu,犹豫,5,2
娱乐,yule,娱乐,5,2
元旦,yuandan,元旦,5,2
原料,yuanliao,原料,5,2
责备,zebei,责备,5,2
执照,zhizhao,执照,5,2
逐步,zhubu,逐步,5,2
逐渐,zhujian,逐渐,5,2
脖子,bozi,脖子,5,2
合同,hetong,合同,5,2
猴子,houzi,猴子,5,2
糊涂,hutu,糊涂,5,2
桔子,juzi,桔子,5,2
粮食,liangshi,粮食,5,2
逻辑,luoji,逻辑,5,2
馒头,mantou,馒头,5,2
眉毛,meimao,眉毛,5,2
苗条,miaotiao,苗条,5,2
模糊,mohu,模糊,5,2
绳子,shengzi,绳子,5,2
石头,shitou,石头,5,2
学问,xuewen,学问,5,2
竹子,zhuzi,竹子,5,2
本科,benke,本科,5,2
补充,buchong,补充,5,2
产生,chansheng,产生,5,2
打工,dagong,打工,5,2
感激,ganji,感激,5,2
拐弯,guai wan,拐弯,5,2
海关,haiguan,海关,5,2
海鲜,haixian,海鲜,5,2
假装,jiazhuang,假装,5,2
剪刀,jiandao,剪刀,5,2
酒吧,jiuba,酒吧,5,2
卡车,kache,卡车,5,2
启发,qifa,启发,5,2
取消,quxiao,取消,5,2
始终,shizhong,始终,5,2
手工,shougong,手工,5,2
鼠标,shu biao,鼠标,5,2
损失,sunshi,损失,5,2
体贴,titie,体贴,5,2
统一,tongyi,统一,5,2
展开,zhan kai,展开,5,2
指挥,zhihui,指挥,5,2
主观,zhuguan,主观,5,2
主张,zhuzhang,主张,5,2
总之,zongzhi,总之,5,2
组织,zuzhi,组织,5,2
保持,baochi,保持,5,2
保存,baocun,保存,5,2
保留,baoliu,保留,5,2
表达,biaoda,表达,5,2
表明,biaoming,表明,5,2
表情,biaoqing,表情,5,2
彩虹,caihong,彩虹,5,2
倒霉,daomei,倒霉,5,2
等于,dengyu,等于,5,2
躲藏,duocang,躲藏,5,2
耳环,erhuan,耳环,5,2
反而,fan'er,反而,5,2
仿佛,fangfu,仿佛,5,2
改革,gaige,改革,5,2
果然,guoran,果然,5,2
果实,guoshi,果实,5,2
火柴,huochai,火柴,5,2
假如,jiaru,假如,5,2
简直,jianzhi,简直,5,2
狡猾,jiaohua,狡猾,5,2
紧急,jinji,紧急,5,2
朗读,langdu,朗读,5,2
老婆,laopo,老婆,5,2
理由,liyou,理由,5,2
满足,manzu,满足,5,2
偶然,ouran,偶然,5,2
请求,qingqiu,请求,5,2
属于,shuyu,属于,5,2
显然,xianran,显然,5,2
以及,yiji,以及,5,2
以来,yilai,以来,5,2
与其,yuqi,与其,5,2
整齐,zhengqi,整齐,5,2
主持,zhuchi,主持,5,2
主人,zhuren,主人,5,2
主题,zhuti,主题,5,2
主席,zhuxi,主席,5,2
总裁,zongcai,总裁,5,2
组成,zucheng,组成,5,2
组合,zuhe,组合,5,2
保险,baoxian,保险,5,2
本领,benling,本领,5,2
彼此,bici,彼此,5,2
采访,caifang,采访,5,2
采取,caiqu,采取,5,2
产品,chanpin,产品,5,2
处理,chuli,处理,5,2
导演,daoyan,导演,5,2
岛屿,daoyu,岛屿,5,2
辅导,fudao,辅导,5,2
赶紧,ganjin,赶紧,5,2
感想,ganxiang,感想,5,2
古典,gudian,古典,5,2
鼓舞,guwu,鼓舞,5,2
鼓掌,gu zhang,鼓掌,5,2
广场,guangchang,广场,5,2
缓解,huanjie,缓解,5,2
老板,laoban,老板,5,2
老鼠,laoshu,老鼠,5,2
了不起,liaobuqi,了不起,5,2
领导,lingdao,领导,5,2
敏感,mingan,敏感,5,2
手指,shouzhi,手指,5,2
往返,wangfan,往返,5,2
演讲,yanjiang,演讲,5,2
展览,zhanlan,展览,5,2
整体,zhengti,整体,5,2
指导,zhidao,指导,5,2
总理,zongli,总理,5,2
总统,zongtong,总统,5,2
阻止,zuzhi,阻止,5,2
把握,bawo,把握,5,2
宝贝,baobei,宝贝,5,2
宝贵,baogui,宝贵,5,2
本质,benzhi,本质,5,2
比例,bili,比例,5,2
表面,biaomian,表面,5,2
表现,biaoxian,表现,5,2
吵架,chao jia,吵架,5,2
宠物,chongwu,宠物,5,2
此外,ciwai,此外,5,2
导致,daozhi,导致,5,2
等待,dengdai,等待,5,2
法院,fayuan,法院,5,2
反复,fanfu,反复,5,2
反应,fanying,反应,5,2
反映,fanying,反映,5,2
反正,fanzheng,反正,5,2
讽刺,fengci,讽刺,5,2
否定,fouding,否定,5,2
否认,fouren,否认,5,2
改进,gaijin,改进,5,2
改善,gaishan,改善,5,2
改正,gaizheng,改正,5,2
赶快,gankuai,赶快,5,2
感受,ganshou,感受,5,2
古代,gudai,古代,5,2
股票,gupiao,股票,5,2
广大,guangda,广大,5,2
广泛,guangfan,广泛,5,2
伙伴,huoban,伙伴,5,2
假设,jiashe,假设,5,2
简历,jianli,简历,5,2
讲座,jiangzuo,讲座,5,2
角度,jiaodu,角度,5,2
尽快,jinkuai,尽快,5,2
尽量,jinliang,尽量,5,2
谨慎,jinshen,谨慎,5,2
可见,kejian,可见,5,2
可靠,kekao,可靠,5,2
可怕,kepa,可怕,5,2
口味,kouwei,口味,5,2
冷淡,lengdan,冷淡,5,2
理论,lilun,理论,5,2
领域,lingyu,领域,5,2
美术,meishu,美术,5,2
哪怕,napa,哪怕,5,2
女士,nüshi,女士,5,2
企业,qiye,企业,5,2
巧妙,qiaomiao,巧妙,5,2
软件,ruanjian,软件,5,2
闪电,shandian,闪电,5,2
省略,shenglüe,省略,5,2
使劲儿,shijinr,使劲儿,5,2
手术,shoushu,手术,5,2
手套,shoutao,手套,5,2
手续,shouxu,手续,5,2
坦率,tanshuai,坦率,5,2
体会,tihui,体会,5,2
体现,tixian,体现,5,2
体验,tiyan,体验,5,2
挑战,tiaozhan,挑战,5,2
土地,tudi,土地,5,2
土豆,tudou,土豆,5,2
网络,wangluo,网络,5,2
伟大,weida,伟大,5,2
稳定,wending,稳定,5,2
武术,wushu,武术,5,2
显示,xianshi,显示,5,2
享受,xiangshou,享受,5,2
想念,xiangnian,想念,5,2
想象,xiangxiang,想象,5,2
小麦,xiaomai,小麦,5,2
小气,xiaoqi,小气,5,2
写作,xiezuo,写作,5,2
勇气,yongqi,勇气,5,2
有利,youli,有利,5,2
语气,yuqi,语气,5,2
长辈,zhangbei,长辈,5,2
掌握,zhangwo,掌握,5,2
诊断,zhenduan,诊断,5,2
整个,zhengge,整个,5,2
种类,zhonglei,种类,5,2
主动,zhudong,主动,5,2
主任,zhuren,主任,5,2
转变,zhuanbian,转变,5,2
转告,zhuangao,转告,5,2
总共,zonggong,总共,5,2
总算,zongsuan,总算,5,2
尺子,chizi,尺子,5,2
打听,dating,打听,5,2
点心,dianxin,点心,5,2
骨头,gutou,骨头,5,2
管子,guanzi,管子,5,2
讲究,jiangjiu,讲究,5,2
老实,laoshi,老实,5,2
姥姥,laolao,姥姥,5,2
脑袋,naodai,脑袋,5,2
嗓子,sangzi,嗓子,5,2
舍不得,shebude,舍不得,5,2
尾巴,weiba,尾巴,5,2
委屈,weiqu,委屈,5,2
显得,xiande,显得,5,2
影子,yingzi,影子,5,2
爱惜,aixi,爱惜,5,2
爱心,aixin,爱心,5,2
不安,bu'an,不安,5,2
刺激,ciji,刺激,5,2
措施,cuoshi,措施,5,2
地区,diqu,地区,5,2
对方,duifang,对方,5,2
冠军,guanjun,冠军,5,2
过期,guoqi,过期,5,2
健身,jianshen,健身,5,2
据说,jushuo,据说,5,2
客观,keguan,客观,5,2
辣椒,lajiao,辣椒,5,2
乐观,leguan,乐观,5,2
利息,lixi,利息,5,2
列车,lieche,列车,5,2
录音,luyin,录音,5,2
蜜蜂,mifeng,蜜蜂,5,2
面积,mianji,面积,5,2
陌生,mosheng,陌生,5,2
目标,mubiao,目标,5,2
内科,neike,内科,5,2
气氛,qifen,气氛,5,2
热心,rexin,热心,5,2
日期,riqi,日期,5,2
设施,sheshi,设施,5,2
射击,sheji,射击,5,2
士兵,shibing,士兵,5,2
事先,shixian,事先,5,2
受伤,shou shang,受伤,5,2
似乎,sihu,似乎,5,2
特殊,teshu,特殊,5,2
特征,tezheng,特征,5,2
退休,tuixiu,退休,5,2
外公,waigong,外公,5,2
外交,waijiao,外交,5,2
万一,wanyi,万一,5,2
象征,xiangzheng,象征,5,2
幸亏,xingkui,幸亏,5,2
印刷,yinshua,印刷,5,2
用功,yong gong,用功,5,2
运输,yunshu,运输,5,2
再三,zaisan,再三,5,2
战争,zhanzheng,战争,5,2
召开,zhaokai,召开,5,2
至今,zhi jin,至今,5,2
自私,zisi,自私,5,2
最初,zuichu,最初,5,2
必然,biran,必然,5,2
病毒,bingdu,病毒,5,2
不然,buran,不然,5,2
不如,buru,不如,5,2
不足,buzu,不足,5,2
部门,bumen,部门,5,2
大型,daxing,大型,5,2
到达,daoda,到达,5,2
道德,daode,道德,5,2
电池,dianchi,电池,5,2
电台,diantai,电台,5,2
范围,fanwei,范围,5,2
干活儿,gan huor,干活儿,5,2
告别,gaobie,告别,5,2
个别,gebie,个别,5,2
个人,geren,个人,5,2
构成,goucheng,构成,5,2
柜台,guitai,柜台,5,2
好奇,haoqi,好奇,5,2
化学,huaxue,化学,5,2
话题,huati,话题,5,2
价值,jiazhi,价值,5,2
键盘,jianpan,键盘,5,2
酱油,jiangyou,酱油,5,2
教材,jiaocai,教材,5,2
克服,kefu,克服,5,2
课程,kecheng,课程,5,2
空闲,kongxian,空闲,5,2
类型,leixing,类型,5,2
立即,liji,立即,5,2
论文,lunwen,论文,5,2
面临,mianlin,面临,5,2
目前,muqian,目前,5,2
配合,peihe,配合,5,2
汽油,qiyou,汽油,5,2
日常,richang,日常,5,2
日程,richeng,日程,5,2
善良,shanliang,善良,5,2
善于,shanyu,善于,5,2
事实,shishi,事实,5,2
透明,touming,透明,5,2
未来,weilai,未来,5,2
位于,weiyu,位于,5,2
细节,xijie,细节,5,2
现实,xianshi,现实,5,2
象棋,xiangqi,象棋,5,2
业余,yeyu,业余,5,2
用途,yongtu,用途,5,2
预防,yufang,预防,5,2
在于,zaiyu,在于,5,2
赞成,zancheng,赞成,5,2
造成,zaocheng,造成,5,2
照常,zhaochang,照常,5,2
至于,zhiyu,至于,5,2
治疗,zhiliao,治疗,5,2
祝福,zhufu,祝福,5,2
自从,zicong,自从,5,2
自豪,zihao,自豪,5,2
自觉,zijue,自觉,5,2
自由,ziyou,自由,5,2
作为,zuowei,作为,5,2
作文,zuo wen,作文,5,2
办理,banli,办理,5,2
傍晚,bangwan,傍晚,5,2
背景,beijing,背景,5,2
避免,bimian,避免,5,2
彻底,chedi,彻底,5,2
翅膀,chibang,翅膀,5,2
促使,cushi,促使,5,2
代表,daibiao,代表,5,2
贷款,dai kuan,贷款,5,2
道理,daoli,道理,5,2
地理,dili,地理,5,2
地毯,ditan,地毯,5,2
对比,duibi,对比,5,2
对手,duishou,对手,5,2
妇女,funü,妇女,5,2
过敏,guomin,过敏,5,2
后果,houguo,后果,5,2
幻想,huanxiang,幻想,5,2
或许,huoxu,或许,5,2
驾驶,jiashi,驾驶,5,2
借口,jiekou,借口,5,2
进口,jin kou,进口,5,2
具体,juti,具体,5,2
刻苦,keku,刻苦,5,2
录取,luqu,录取,5,2
冒险,maoxian,冒险,5,2
梦想,mengxiang,梦想,5,2
宁可,ningke,宁可,5,2
破产,po chan,破产,5,2
色彩,secai,色彩,5,2
摄影,she ying,摄影,5,2
市场,shichang,市场,5,2
数码,shuma,数码,5,2
痛苦,tongku,痛苦,5,2
胃口,weikou,胃口,5,2
握手,wo shou,握手,5,2
物理,wuli,物理,5,2
系统,xitong,系统,5,2
下载,xiazai,下载,5,2
玉米,yumi,玉米,5,2
赞美,zanmei,赞美,5,2
政府,zhengfu,政府,5,2
字母,zimu,字母,5,2
作品,zuopin,作品,5,2
爱护,aihu,爱护,5,2
报到,baodao,报到,5,2
报道,baodao,报道,5,2
报告,baogao,报告,5,2
报社,baoshe,报社,5,2
抱怨,baoyuan,抱怨,5,2
必要,biyao,必要,5,2
毕竟,bijing,毕竟,5,2
辩论,bianlun,辩论,5,2
步骤,buzhou,步骤,5,2
测验,ceyan,测验,5,2
创造,chuangzao,创造,5,2
次要,ciyao,次要,5,2
促进,cujin,促进,5,2
大厦,dasha,大厦,5,2
大象,daxiang,大象,5,2
代替,daiti,代替,5,2
待遇,daiyu,待遇,5,2
地位,diwei,地位,5,2
地震,dizhen,地震,5,2
度过,duguo,度过,5,2
对待,duidai,对待,5,2
对象,duixiang,对象,5,2
兑换,duihuan,兑换,5,2
恶劣,elie,恶劣,5,2
废话,feihua,废话,5,2
奋斗,fendou,奋斗,5,2
复制,fuzhi,复制,5,2
概括,gaikuo,概括,5,2
概念,gainian,概念,5,2
个性,gexing,个性,5,2
各自,gezi,各自,5,2
贡献,gongxian,贡献,5,2
固定,guding,固定,5,2
挂号,gua hao,挂号,5,2
过分,guofen,过分,5,2
好客,haoke,好客,5,2
后背,houbei,后背,5,2
汇率,huilü,汇率,5,2
计算,jisuan,计算,5,2
记录,jilu,记录,5,2
记忆,jiyi,记忆,5,2
纪录,jilu,纪录,5,2
纪律,jilü,纪律,5,2
寂寞,jimo,寂寞,5,2
建立,jianli,建立,5,2
建设,jianshe,建设,5,2
建筑,jianzhu,建筑,5,2
教练,jiaolian,教练,5,2
纪念,jinian,纪念,5,2
尽力,jin li,尽力,5,2
进步,jinbu,进步,5,2
近代,jindai,近代,5,2
巨大,juda,巨大,5,2
具备,jubei,具备,5,2
看望,kanwang,看望,5,2
控制,kongzhi,控制,5,2
会计,kuaiji,会计,5,2
扩大,kuoda,扩大,5,2
立刻,like,立刻,5,2
利润,lirun,利润,5,2
利益,liyi,利益,5,2
利用,liyong,利用,5,2
恋爱,lian'ai,恋爱,5,2
陆地,ludi,陆地,5,2
陆续,luxu,陆续,5,2
落后,luohou,落后,5,2
贸易,maoyi,贸易,5,2
魅力,meili,魅力,5,2
秘密,mimi,秘密,5,2
密切,miqie,密切,5,2
面对,miandui,面对,5,2
命令,mingling,命令,5,2
命运,mingyun,命运,5,2
目录,mulu,目录,5,2
内部,neibu,内部,5,2
盼望,panwang,盼望,5,2
片面,pianmian,片面,5,2
迫切,poqie,迫切,5,2
破坏,pohuai,破坏,5,2
庆祝,qingzhu,庆祝,5,2
去世,qushi,去世,5,2
确定,queding,确定,5,2
确认,queren,确认,5,2
热爱,re'ai,热爱,5,2
热烈,relie,热烈,5,2
日历,rili,日历,5,2
上当,shang dang,上当,5,2
设备,shebei,设备,5,2
设计,sheji,设计,5,2
胜利,shengli,胜利,5,2
事物,shiwu,事物,5,2
试卷,shijuan,试卷,5,2
寿命,shouming,寿命,5,2
数据,shuju,数据,5,2
宿舍,sushe,宿舍,5,2
特色,tese,特色,5,2
退步,tuibu,退步,5,2
未必,weibi,未必,5,2
问候,wenhou,问候,5,2
卧室,woshi,卧室,5,2
物质,wuzhi,物质,5,2
戏剧,xiju,戏剧,5,2
现代,xiandai,现代,5,2
现象,xianxiang,现象,5,2
限制,xianzhi,限制,5,2
项链,xianglian,项链,5,2
项目,xiangmu,项目,5,2
孝顺,xiaoshun,孝顺,5,2
效率,xiaolü,效率,5,2
信号,xinhao,信号,5,2
信任,xinren,信任,5,2
幸运,xingyun,幸运,5,2
性质,xingzhi,性质,5,2
叙述,xushu,叙述,5,2
训练,xunlian,训练,5,2
迅速,xunsu,迅速,5,2
宴会,yanhui,宴会,5,2
样式,yangshi,样式,5,2
要不,yaobu,要不,5,2
业务,yewu,业务,5,2
义务,yiwu,义务,5,2
议论,yilun,议论,5,2
意外,yiwai,意外,5,2
意义,yiyi,意义,5,2
应用,yingyong,应用,5,2
硬件,yingjian,硬件,5,2
预报,yubao,预报,5,2
预订,yuding,预订,5,2
愿望,yuanwang,愿望,5,2
乐器,yueqi,乐器,5,2
运用,yunyong,运用,5,2
账户,zhanghu,账户,5,2
振动,zhendong,振动,5,2
证件,zhengjian,证件,5,2
证据,zhengju,证据,5,2
政治,zhengzhi,政治,5,2
制定,zhiding,制定,5,2
制度,zhidu,制度,5,2
制造,zhizao,制造,5,2
制作,zhizuo,制作,5,2
秩序,zhixu,秩序,5,2
智慧,zhihui,智慧,5,2
重大,zhongda,重大,5,2
重量,zhongliang,重量,5,2
注册,zhuce,注册,5,2
状况,zhuangkuang,状况,5,2
状态,zhuangtai,状态,5,2
自动,zidong,自动,5,2
自愿,ziyuan,自愿,5,2
字幕,zimu,字幕,5,2
被子,beizi,被子,5,2
大方,dafang,大方,5,2
地道,didao,地道,5,2
豆腐,doufu,豆腐,5,2
教训,jiaoxun,教训,5,2
戒指,jiezhi,戒指,5,2
舅舅,jiujiu,舅舅,5,2
力量,liliang,力量,5,2
秘书,mishu,秘书,5,2
木头,mutou,木头,5,2
佩服,peifu,佩服,5,2
日子,rizi,日子,5,2
扇子,shanzi,扇子,5,2
似的,shide,似的,5,2
太太,taitai,太太,5,2
痛快,tongkuai,痛快,5,2
兔子,tuzi,兔子,5,2
位置,weizhi,位置,5,2
应付,yingfu,应付,5,2
运气,yunqi,运气,5,2
在乎,zaihu,在乎,5,2
冰激凌,bingjiling,冰激凌,5,2
工程师,gongchengshi,工程师,5,2
青少年,qingshaonian,青少年,5,2
充电器,chongdianqi,充电器,5,2
开幕式,kaimushi,开幕式,5,2
摩托车,motuoche,摩托车,5,2
人民币,renminbi,人民币,5,2
牛仔裤,niuzaiku,牛仔裤,5,2
无所谓,wusuowei,无所谓,5,2
不见得,bujiande,不见得,5,2
不耐烦,bunaifan,不耐烦,5,2
国庆节,guoqing jie,国庆节,5,2
博物馆,bowuguan,博物馆,5,2
不要紧,bu yaojin,不要紧,5,2
一辈子,yibeizi,一辈子,5,2
打喷嚏,dapenti,打喷嚏,5,2
打交道,da jiaodao,打交道,5,2
胆小鬼,danxiaogui,胆小鬼,5,2
老百姓,laobaixing,老百姓,5,2
忍不住,ren bu zhu,忍不住,5,2
太极拳,taijiquan,太极拳,5,2
幼儿园,you'eryuan,幼儿园,5,2
不得了,budeliao,不得了,5,2
系领带,jilingdai,系领带,5,2
救护车,jiuhuche,救护车,5,2
麦克风,maikefeng,麦克风,5,2
夏令营,xialingying,夏令营,5,2
日用品,riyongpin,日用品,5,2
志愿者,zhiyuanzhe,志愿者,5,2
动画片,donghuapian,动画片,5,2
俱乐部,julebu,俱乐部,5,2
看不起,kan bu qi,看不起,5,2
怪不得,guai bu de,怪不得,5,2
名胜古迹,mingshengguji,名胜古迹,5,2
讨价还价,tao jia huan jia,讨价还价,5,2
挨,ai,挨,6,2
扒,ba,扒,6,2
疤,ba,疤,6,2
掰,bai,掰,6,2
斑,ban,斑,6,2
憋,bie,憋,6,2
拨,bo,拨,6,2
舱,cang,舱,6,2
搀,chan,搀,6,2
搓,cuo,搓,6,2
搭,da,搭,6,2
蹬,deng,蹬,6,2
叼,diao,叼,6,2
跌,die,跌,6,2
丁,ding,丁,6,2
盯,ding,盯,6,2
兜,dou,兜,6,2
端,duan,端,6,2
番,fan,番,6,2
搁,ge,搁,6,2
割,ge,割,6,2
嗨,hai,嗨,6,2
呵,he,呵,6,2
嘿,hei,嘿,6,2
哼,heng,哼,6,2
烘,hong,烘,6,2
荤,hun,荤,6,2
煎,jian,煎,6,2
皆,jie,皆,6,2
茎,jing,茎,6,2
磕,ke,磕,6,2
坑,keng,坑,6,2
筐,kuang,筐,6,2
捞,lao,捞,6,2
溜,liu,溜,6,2
眯,mi,眯,6,2
捏,nie,捏,6,2
趴,pa,趴,6,2
劈,pi,劈,6,2
坡,po,坡,6,2
泼,po,泼,6,2
颇,po,颇,6,2
扑,pu,扑,6,2
掐,qia,掐,6,2
牵,qian,牵,6,2
捎,shao,捎,6,2
梢,shao,梢,6,2
艘,sou,艘,6,2
塌,ta,塌,6,2
摊,tan,摊,6,2
掏,tao,掏,6,2
秃,tu,秃,6,2
窝,wo,窝,6,2
溪,xi,溪,6,2
腥,xing,腥,6,2
削,xue,削,6,2
扎,zha,扎,6,2
渣,zha,渣,6,2
枝,zhi,枝,6,2
舟,zhou,舟,6,2
州,zhou,州,6,2
粥,zhou,粥,6,2
株,zhu,株,6,2
砖,zhuan,砖,6,2
熬,ao,熬,6,2
甭,beng,甭,6,2
馋,chan,馋,6,2
乘,cheng,乘,6,2
盛,cheng,盛,6,2
橙,cheng,橙,6,2
除,chu,除,6,2
锤,chui,锤,6,2
丛,cong,丛,6,2
逢,feng,逢,6,2
横,heng,横,6,2
扛,kang,扛,6,2
淋,lin,淋,6,2
枚,mei,枚,6,2
膜,mo,膜,6,2
拧,ning,拧,6,2
挪,nuo,挪,6,2
瘸,que,瘸,6,2
揉,rou,揉,6,2
啥,sha,啥,6,2
拾,shi,拾,6,2
铜,tong,铜,6,2
丸,wan,丸,6,2
霞,xia,霞,6,2
弦,xian,弦,6,2
嫌,xian,嫌,6,2
砸,za,砸,6,2
贼,zei,贼,6,2
折,zhe,折,6,2
扁,bian,扁,6,2
丙,bing,丙,6,2
党,dang,党,6,2
哄,hong,哄,6,2
吼,hou,吼,6,2
拣,jian,拣,6,2
桨,jiang,桨,6,2
井,jing,井,6,2
卷,juan,卷,6,2
啃,ken,啃,6,2
孔,kong,孔,6,2
搂,lou,搂,6,2
捧,peng,捧,6,2
撇,pie,撇,6,2
犬,quan,犬,6,2
染,ran,染,6,2
嚷,rang,嚷,6,2
耍,shua,耍,6,2
耸,song,耸,6,2
塔,ta,塔,6,2
舔,tian,舔,6,2
咋,za,咋,6,2
宰,zai,宰,6,2
攒,zan,攒,6,2
眨,zha,眨,6,2
拄,zhu,拄,6,2
磅,bang,磅,6,2
蹦,beng,蹦,6,2
臂,bi,臂,6,2
岔,cha,岔,6,2
秤,cheng,秤,6,2
串,chuan,串,6,2
刺,ci,刺,6,2
窜,cuan,窜,6,2
瞪,deng,瞪,6,2
垫,dian,垫,6,2
吊,diao,吊,6,2
栋,dong,栋,6,2
肺,fei,肺,6,2
副,fu,副,6,2
钙,gai,钙,6,2
罐,guan,罐,6,2
跪,gui,跪,6,2
晃,huang,晃,6,2
剑,jian,剑,6,2
溅,jian,溅,6,2
扣,kou,扣,6,2
挎,kua,挎,6,2
跨,kua,跨,6,2
愣,leng,愣,6,2
粒,li,粒,6,2
晾,liang,晾,6,2
迈,mai,迈,6,2
哦,o,哦,6,2
畔,pan,畔,6,2
铺,pu,铺,6,2
翘,qiao,翘,6,2
哨,shao,哨,6,2
束,shu,束,6,2
竖,shu,竖,6,2
喂,wei,hello/hey,6,2
馅儿,xianr,馅儿,6,2
巷,xiang,巷,6,2
屑,xie,屑,6,2
绣,xiu,绣,6,2
亦,yi,亦,6,2
翼,yi,翼,6,2
玉,yu,玉,6,2
愈,yu,愈,6,2
熨,yun,熨,6,2
拽,zhuai,拽,6,2
幢,zhuang,幢,6,2
坠,zhui,坠,6,2
揍,zou,揍,6,2
啦,la,啦,6,2
嘛,ma,嘛,6,2
哇,wa,哇,6,2
凹凸,aotu,凹凸,6,2
颁发,banfa,颁发,6,2
包装,baozhuang,包装,6,2
悲哀,bei'ai,悲哀,6,2
奔波,benbo,奔波,6,2
边疆,bianjiang,边疆,6,2
编织,bianzhi,编织,6,2
波涛,botao,波涛,6,2
剥削,boxue,剥削,6,2
冲击,chongji,冲击,6,2
冲突,chongtu,冲突,6,2
充当,chongdang,充当,6,2
出身,chushen,出身,6,2
炊烟,chuiyan,炊烟,6,2
磋商,cuoshang,磋商,6,2
当初,dangchu,当初,6,2
堆积,duiji,堆积,6,2
发呆,fadai,发呆,6,2
方针,fangzhen,方针,6,2
丰收,fengshou,丰收,6,2
风光,fengguang,风光,6,2
高超,gaochao,高超,6,2
高峰,gaofeng,高峰,6,2
跟踪,genzong,跟踪,6,2
更新,gengxin,更新,6,2
公关,gongguan,公关,6,2
攻击,gongji,攻击,6,2
官方,guanfang,官方,6,2
观光,guanguang,观光,6,2
光辉,guanghui,光辉,6,2
规章,guizhang,规章,6,2
基金,jijin,基金,6,2
基因,jiyin,基因,6,2
激发,jifa,激发,6,2
加工,jia gong,加工,6,2
尖端,jianduan,尖端,6,2
监督,jiandu,监督,6,2
将军,jiangjun,将军,6,2
交叉,jiaocha,交叉,6,2
精通,jingtong,精通,6,2
精心,jingxin,精心,6,2
纠纷,jiufen,纠纷,6,2
鞠躬,jugong,鞠躬,6,2
开支,kaizhi,开支,6,2
刊登,kandeng,刊登,6,2
空虚,kongxu,空虚,6,2
攀登,pandeng,攀登,6,2
批发,pifa,批发,6,2
偏差,piancha,偏差,6,2
偏偏,pianpian,偏偏,6,2
倾听,qingting,倾听,6,2
清晰,qingxi,清晰,6,2
清真,qingzhen,清真,6,2
区分,qufen,区分,6,2
刹车,sha che,刹车,6,2
商标,shangbiao,商标,6,2
生机,shengji,生机,6,2
生疏,shengshu,生疏,6,2
失踪,shi zong,失踪,6,2
施加,shijia,施加,6,2
收缩,shousuo,收缩,6,2
贪污,tanwu,贪污,6,2
天生,tiansheng,天生,6,2
通缉,tongji,通缉,6,2
推翻,tuifan,推翻,6,2
推销,tuixiao,推销,6,2
歪曲,waiqu,歪曲,6,2
危机,weiji,危机,6,2
威风,weifeng,威风,6,2
微观,weiguan,微观,6,2
乌黑,wuhei,乌黑,6,2
牺牲,xisheng,牺牲,6,2
须知,xuzhi,须知,6,2
压缩,yasuo,压缩,6,2
依托,yituo,依托,6,2
优先,youxian,优先,6,2
遭殃,zao yang,遭殃,6,2
增添,zengtian,增添,6,2
沾光,zhan guang,沾光,6,2
招标,zhaobiao,招标,6,2
招收,zhaoshou,招收,6,2
珍稀,zhenxi,珍稀,6,2
珍珠,zhenzhu,珍珠,6,2
争端,zhengduan,争端,6,2
征收,zhengshou,征收,6,2
蒸发,zhengfa,蒸发,6,2
支撑,zhicheng,支撑,6,2
支出,zhichu,支出,6,2
中央,zhongyang,中央,6,2
终究,zhongjiu,终究,6,2
终身,zhongshen,终身,6,2
衷心,zhongxin,衷心,6,2
周边,zhoubian,周边,6,2
周期,zhouqi,周期,6,2
追究,zhuijiu,追究,6,2
资深,zishen,资深,6,2
安宁,anning,安宁,6,2
安详,anxiang,安详,6,2
包围,baowei,包围,6,2
奔驰,benchi,奔驰,6,2
边缘,bianyuan,边缘,6,2
标题,biaoti,标题,6,2
濒临,binlin,濒临,6,2
冰雹,bingbao,冰雹,6,2
参谋,canmou,参谋,6,2
苍白,cangbai,苍白,6,2
操劳,caolao,操劳,6,2
差别,chabie,差别,6,2
充实,chongshi,充实,6,2
充足,chongzu,充足,6,2
出神,chu shen,出神,6,2
吹牛,chui niu,吹牛,6,2
摧残,cuican,摧残,6,2
当前,dangqian,当前,6,2
丢人,diu ren,丢人,6,2
发财,fa cai,发财,6,2
发觉,fajue,发觉,6,2
发行,faxing,发行,6,2
发炎,fayan,发炎,6,2
发扬,fayang,发扬,6,2
方言,fangyan,方言,6,2
方圆,fangyuan,方圆,6,2
飞翔,feixiang,飞翔,6,2
分红,fen hong,分红,6,2
分明,fenming,分明,6,2
分歧,fenqi,分歧,6,2
夫人,furen,夫人,6,2
高潮,gaochao,高潮,6,2
高明,gaoming,高明,6,2
根源,genyuan,根源,6,2
跟前,genqian,跟前,6,2
跟随,gensui,跟随,6,2
公民,gongmin,公民,6,2
公然,gongran,公然,6,2
功劳,gonglao,功劳,6,2
勾结,goujie,勾结,6,2
孤独,gudu,孤独,6,2
关怀,guanhuai,关怀,6,2
光芒,guangmang,光芒,6,2
光荣,guangrong,光荣,6,2
归还,guihuan,归还,6,2
规格,guige,规格,6,2
荒凉,huangliang,荒凉,6,2
辉煌,huihuang,辉煌,6,2
昏迷,hunmi,昏迷,6,2
激情,jiqing,激情,6,2
夹杂,jiaza,夹杂,6,2
佳肴,jiayao,佳肴,6,2
家常,jiachang,家常,6,2
坚实,jianshi,坚实,6,2
艰难,jiannan,艰难,6,2
焦急,jiaoji,焦急,6,2
阶层,jieceng,阶层,6,2
接连,jielian,接连,6,2
金融,jinrong,金融,6,2
惊奇,jingqi,惊奇,6,2
精华,jinghua,精华,6,2
拘留,juliu,拘留,6,2
居民,jumin,居民,6,2
开除,kaichu,开除,6,2
开明,kaiming,开明,6,2
宽容,kuanrong,宽容,6,2
漂浮,piaofu,漂浮,6,2
飘扬,piaoyang,飘扬,6,2
拼搏,pinbo,拼搏,6,2
凄凉,qiliang,凄凉,6,2
倾斜,qingxie,倾斜,6,2
清晨,qingchen,清晨,6,2
清除,qingchu,清除,6,2
清洁,qingjie,清洁,6,2
丘陵,qiuling,丘陵,6,2
曲折,quzhe,曲折,6,2
驱逐,quzhu,驱逐,6,2
屈服,qufu,屈服,6,2
缺席,que xi,缺席,6,2
呻吟,shenyin,呻吟,6,2
深沉,shenchen,深沉,6,2
生存,shengcun,生存,6,2
声明,shengming,声明,6,2
收藏,shoucang,收藏,6,2
书籍,shuji,书籍,6,2
思维,siwei,思维,6,2
贪婪,tanlan,贪婪,6,2
天才,tiancai,天才,6,2
天堂,tiantang,天堂,6,2
天文,tianwen,天文,6,2
通俗,tongsu,通俗,6,2
拖延,tuoyan,拖延,6,2
脱离,tuoli,脱离,6,2
挖掘,wajue,挖掘,6,2
温和,wenhe,温和,6,2
夕阳,xiyang,夕阳,6,2
先前,xianqian,先前,6,2
纤维,xianwei,纤维,6,2
鲜明,xianming,鲜明,6,2
消除,xiaochu,消除,6,2
消毒,xiao du,消毒,6,2
消防,xiaofang,消防,6,2
心得,xinde,心得,6,2
心灵,xinling,心灵,6,2
心疼,xinteng,心疼,6,2
辛勤,xinqin,辛勤,6,2
新郎,xinlang,新郎,6,2
新娘,xinniang,新娘,6,2
兴隆,xinglong,兴隆,6,2
胸怀,xionghuai,胸怀,6,2
胸膛,xiongtang,胸膛,6,2
虚荣,xurong,虚荣,6,2
需求,xuqiu,需求,6,2
宣扬,xuanyang,宣扬,6,2
喧哗,xuanhua,喧哗,6,2
熏陶,xuntao,熏陶,6,2
一流,yiliu,一流,6,2
阴谋,yinmou,阴谋,6,2
英明,yingming,英明,6,2
婴儿,ying'er,婴儿,6,2
庸俗,yongsu,庸俗,6,2
栽培,zaipei,栽培,6,2
章程,zhangcheng,章程,6,2
斟酌,zhenzhuo,斟酌,6,2
争夺,zhengduo,争夺,6,2
征服,zhengfu,征服,6,2
挣扎,zhengzha,挣扎,6,2
支流,zhiliu,支流,6,2
支援,zhiyuan,支援,6,2
知觉,zhijue,知觉,6,2
脂肪,zhifang,脂肪,6,2
忠诚,zhongcheng,忠诚,6,2
忠实,zhongshi,忠实,6,2
周年,zhounian,周年,6,2
周折,zhouzhe,周折,6,2
专长,zhuanchang,专长,6,2
专程,zhuancheng,专程,6,2
专题,zhuanti,专题,6,2
庄严,zhuangyan,庄严,6,2
钻研,zuanyan,钻研,6,2
尊严,zunyan,尊严,6,2
遵循,zunxun,遵循,6,2
卑鄙,beibi,卑鄙,6,2
悲惨,beican,悲惨,6,2
标本,biaoben,标本,6,2
播种,bozhong,播种,6,2
吃苦,chi ku,吃苦,6,2
吹捧,chuipeng,吹捧,6,2
粗鲁,culu,粗鲁,6,2
担保,danbao,担保,6,2
当场,dangchang,当场,6,2
当选,dangxuan,当选,6,2
颠簸,dianbo,颠簸,6,2
颠倒,diandao,颠倒,6,2
叮嘱,dingzhu,叮嘱,6,2
非法,feifa,非法,6,2
分解,fenjie,分解,6,2
丰满,fengman,丰满,6,2
封锁,fengsuo,封锁,6,2
敷衍,fuyan,敷衍,6,2
干扰,ganrao,干扰,6,2
纲领,gangling,纲领,6,2
高涨,gaozhang,高涨,6,2
供给,gongji,供给,6,2
姑且,guqie,姑且,6,2
光彩,guangcai,光彩,6,2
花蕾,hualei,花蕾,6,2
家属,jiashu,家属,6,2
焦点,jiaodian,焦点,6,2
经纬,jingwei,经纬,6,2
精简,jingjian,精简,6,2
君子,junzi,君子,6,2
开采,kaicai,开采,6,2
开朗,kailang,开朗,6,2
开展,kaizhan,开展,6,2
慷慨,kangkai,慷慨,6,2
空想,kongxiang,空想,6,2
枯萎,kuwei,枯萎,6,2
亏损,kuisun,亏损,6,2
摸索,mosuo,摸索,6,2
殴打,ouda,殴打,6,2
迁徙,qianxi,迁徙,6,2
牵扯,qianche,牵扯,6,2
签署,qianshu,签署,6,2
清理,qingli,清理,6,2
清醒,qingxing,清醒,6,2
缺口,quekou,缺口,6,2
撒谎,sa huang,撒谎,6,2
骚扰,saorao,骚扰,6,2
筛选,shaixuan,筛选,6,2
奢侈,shechi,奢侈,6,2
生理,shengli,生理,6,2
尸体,shiti,尸体,6,2
施展,shizhan,施展,6,2
书法,shufa,书法,6,2
疏远,shuyuan,疏远,6,2
衰老,shuailao,衰老,6,2
司法,sifa,司法,6,2
思索,sisuo,思索,6,2
苏醒,suxing,苏醒,6,2
推理,tuili,推理,6,2
掀起,xianqi,掀起,6,2
相等,xiangdeng,相等,6,2
销毁,xiaohui,销毁,6,2
潇洒,xiaosa,潇洒,6,2
心眼儿,xinyanr,心眼儿,6,2
新颖,xinying,新颖,6,2
薪水,xinshui,薪水,6,2
凶手,xiongshou,凶手,6,2
汹涌,xiongyong,汹涌,6,2
修养,xiuyang,修养,6,2
羞耻,xiuchi,羞耻,6,2
虚假,xujia,虚假,6,2
虚伪,xuwei,虚伪,6,2
音响,yinxiang,音响,6,2
英勇,yingyong,英勇,6,2
拥有,yongyou,拥有,6,2
瞻仰,zhanyang,瞻仰,6,2
遮挡,zhedang,遮挡,6,2
真理,zhenli,真理,6,2
终点,zhongdian,终点,6,2
终止,zhongzhi,终止,6,2
周转,zhouzhuan,周转,6,2
资本,ziben,资本,6,2
资产,zichan,资产,6,2
宗旨,zongzhi,宗旨,6,2
安置,anzhi,安置,6,2
颁布,banbu,颁布,6,2
包庇,baobi,包庇,6,2
崩溃,bengkui,崩溃,6,2
逼迫,bipo,逼迫,6,2
边界,bianjie,边界,6,2
边境,bianjing,边境,6,2
鞭策,biance,鞭策,6,2
标记,biaoji,标记,6,2
波浪,bolang,波浪,6,2
参照,canzhao,参照,6,2
仓促,cangcu,仓促,6,2
仓库,cangku,仓库,6,2
操练,caolian,操练,6,2
操纵,caozong,操纵,6,2
操作,caozuo,操作,6,2
插座,chazuo,插座,6,2
昌盛,changsheng,昌盛,6,2
钞票,chaopiao,钞票,6,2
超越,chaoyue,超越,6,2
称号,chenghao,称号,6,2
吃力,chili,吃力,6,2
冲动,chongdong,冲动,6,2
充沛,chongpei,充沛,6,2
出路,chulu,出路,6,2
出卖,chumai,出卖,6,2
初步,chubu,初步,6,2
穿越,chuanyue,穿越,6,2
搭档,dadang,搭档,6,2
搭配,dapei,搭配,6,2
当代,dangdai,当代,6,2
当面,dang mian,当面,6,2
登陆,denglu,登陆,6,2
登录,denglu,登录,6,2
堤坝,diba,堤坝,6,2
雕刻,diaoke,雕刻,6,2
雕塑,diaosu,雕塑,6,2
督促,ducu,督促,6,2
端正,duanzheng,端正,6,2
恩怨,enyuan,恩怨,6,2
发布,fabu,发布,6,2
发动,fadong,发动,6,2
发射,fashe,发射,6,2
发誓,fashi,发誓,6,2
发育,fayu,发育,6,2
方位,fangwei,方位,6,2
飞跃,feiyue,飞跃,6,2
分辨,fenbian,分辨,6,2
分裂,fenlie,分裂,6,2
分泌,fenmi,分泌,6,2
分散,fensan,分散,6,2
吩咐,fenfu,吩咐,6,2
丰盛,fengsheng,丰盛,6,2
风暴,fengbao,风暴,6,2
风度,fengdu,风度,6,2
风气,fengqi,风气,6,2
风趣,fengqu,风趣,6,2
风味,fengwei,风味,6,2
封闭,fengbi,封闭,6,2
封建,fengjian,封建,6,2
锋利,fengli,锋利,6,2
夫妇,fufu,夫妇,6,2
干旱,ganhan,干旱,6,2
干涉,ganshe,干涉,6,2
干预,ganyu,干预,6,2
尴尬,ganga,尴尬,6,2
高尚,gaoshang,高尚,6,2
歌颂,gesong,歌颂,6,2
更正,gengzheng,更正,6,2
耕地,gengdi,耕地,6,2
公告,gonggao,公告,6,2
公认,gongren,公认,6,2
公式,gongshi,公式,6,2
公务,gongwu,公务,6,2
公正,gongzheng,公正,6,2
公证,gongzheng,公证,6,2
功效,gongxiao,功效,6,2
攻克,gongke,攻克,6,2
宫殿,gongdian,宫殿,6,2
恭敬,gongjing,恭敬,6,2
孤立,guli,孤立,6,2
辜负,gufu,辜负,6,2
关照,guanzhao,关照,6,2
规范,guifan,规范,6,2
规划,guihua,规划,6,2
轰动,hongdong,轰动,6,2
呼唤,huhuan,呼唤,6,2
呼啸,huxiao,呼啸,6,2
呼吁,huyu,呼吁,6,2
忽略,hulüe,忽略,6,2
花瓣,huaban,花瓣,6,2
欢乐,huanle,欢乐,6,2
荒谬,huangmiu,荒谬,6,2
挥霍,huihuo,挥霍,6,2
讥笑,jixiao,讥笑,6,2
饥饿,ji'e,饥饿,6,2
机动,jidong,机动,6,2
机构,jigou,机构,6,2
机密,jimi,机密,6,2
机械,jixie,机械,6,2
机遇,jiyu,机遇,6,2
机智,jizhi,机智,6,2
基地,jidi,基地,6,2
激励,jili,激励,6,2
加剧,jiaju,加剧,6,2
尖锐,jianrui,尖锐,6,2
坚定,jianding,坚定,6,2
坚韧,jianren,坚韧,6,2
坚硬,jianying,坚硬,6,2
监视,jianshi,监视,6,2
监狱,jianyu,监狱,6,2
坚固,jiangu,坚固,6,2
将近,jiangjin,将近,6,2
僵硬,jiangying,僵硬,6,2
交代,jiaodai,交代,6,2
交涉,jiaoshe,交涉,6,2
交易,jiaoyi,交易,6,2
娇气,jiaoqi,娇气,6,2
揭露,jielu,揭露,6,2
经费,jingfei,经费,6,2
惊动,jingdong,惊动,6,2
惊讶,jingya,惊讶,6,2
精密,jingmi,精密,6,2
精确,jingque,精确,6,2
精致,jingzhi,精致,6,2
纠正,jiuzheng,纠正,6,2
拘束,jushu,拘束,6,2
居住,juzhu,居住,6,2
军队,jundui,军队,6,2
开阔,kaikuo,开阔,6,2
开辟,kaipi,开辟,6,2
开拓,kaituo,开拓,6,2
刊物,kanwu,刊物,6,2
勘探,kantan,勘探,6,2
科目,kemu,科目,6,2
空洞,kongdong,空洞,6,2
枯燥,kuzao,枯燥,6,2
哭泣,kuqi,哭泣,6,2
亏待,kuidai,亏待,6,2
抛弃,paoqi,抛弃,6,2
烹饪,pengren,烹饪,6,2
批判,pipan,批判,6,2
偏见,pianjian,偏见,6,2
偏僻,pianpi,偏僻,6,2
拼命,pin ming,拼命,6,2
期望,qiwang,期望,6,2
期限,qixian,期限,6,2
欺骗,qipian,欺骗,6,2
迁就,qianjiu,迁就,6,2
牵制,qianzhi,牵制,6,2
谦逊,qianxun,谦逊,6,2
钦佩,qinpei,钦佩,6,2
侵犯,qinfan,侵犯,6,2
侵略,qinlüe,侵略,6,2
亲密,qinmi,亲密,6,2
亲热,qinre,亲热,6,2
倾向,qingxiang,倾向,6,2
清澈,qingche,清澈,6,2
区域,quyu,区域,6,2
圈套,quantao,圈套,6,2
缺陷,quexian,缺陷,6,2
山脉,shanmai,山脉,6,2
申报,shenbao,申报,6,2
绅士,shenshi,绅士,6,2
深奥,shen'ao,深奥,6,2
生态,shengtai,生态,6,2
生物,shengwu,生物,6,2
生肖,shengxiao,生肖,6,2
生效,sheng xiao,生效,6,2
生锈,shengxiu,生锈,6,2
生育,shengyu,生育,6,2
声势,shengshi,声势,6,2
声誉,shengyu,声誉,6,2
牲畜,shengchu,牲畜,6,2
失事,shi shi,失事,6,2
失误,shiwu,失误,6,2
师范,shifan,师范,6,2
收益,shouyi,收益,6,2
书面,shumian,书面,6,2
舒畅,shuchang,舒畅,6,2
衰退,shuaitui,衰退,6,2
司令,siling,司令,6,2
私自,sizi,私自,6,2
思念,sinian,思念,6,2
瘫痪,tanhuan,瘫痪,6,2
天赋,tianfu,天赋,6,2
通讯,tongxun,通讯,6,2
通用,tongyong,通用,6,2
突破,tupo,突破,6,2
推测,tuice,推测,6,2
推论,tuilun,推论,6,2
托运,tuoyun,托运,6,2
威力,weili,威力,6,2
威望,weiwang,威望,6,2
威信,weixin,威信,6,2
温带,wendai,温带,6,2
污蔑,wumie,污蔑,6,2
诬陷,wuxian,诬陷,6,2
昔日,xiri,昔日,6,2
熄灭,ximie,熄灭,6,2
膝盖,xigai,膝盖,6,2
先进,xianjin,先进,6,2
乡镇,xiangzhen,乡镇,6,2
相差,xiangcha,相差,6,2
相应,xiangying,相应,6,2
镶嵌,xiangqian,镶嵌,6,2
消耗,xiaohao,消耗,6,2
消灭,xiaomie,消灭,6,2
心态,xintai,心态,6,2
心血,xinxue,心血,6,2
欣慰,xinwei,欣慰,6,2
兴旺,xingwang,兴旺,6,2
凶恶,xiong'e,凶恶,6,2
修复,xiufu,修复,6,2
修建,xiujian,修建,6,2
宣誓,xuan shi,宣誓,6,2
削弱,xueruo,削弱,6,2
压迫,yapo,压迫,6,2
压抑,yayi,压抑,6,2
压榨,yazha,压榨,6,2
压制,yazhi,压制,6,2
淹没,yanmo,淹没,6,2
依旧,yijiu,依旧,6,2
依据,yiju,依据,6,2
依靠,yikao,依靠,6,2
依赖,yilai,依赖,6,2
拥护,yonghu,拥护,6,2
优异,youyi,优异,6,2
优越,youyue,优越,6,2
忧郁,youyu,忧郁,6,2
约束,yueshu,约束,6,2
灾难,zainan,灾难,6,2
遭受,zaoshou,遭受,6,2
遭遇,zaoyu,遭遇,6,2
糟蹋,zaota,糟蹋,6,2
摘要,zhaiyao,摘要,6,2
侦探,zhentan,侦探,6,2
真相,zhenxiang,真相,6,2
真挚,zhenzhi,真挚,6,2
珍贵,zhengui,珍贵,6,2
正月,zhengyue,正月,6,2
争气,zheng qi,争气,6,2
争议,zhengyi,争议,6,2
之际,zhiji,之际,6,2
支配,zhipei,支配,6,2
支柱,zhizhu,支柱,6,2
中断,zhongduan,中断,6,2
中立,zhongli,中立,6,2
周密,zhoumi,周密,6,2
诸位,zhuwei,诸位,6,2
专利,zhuanli,专利,6,2
庄重,zhuangzhong,庄重,6,2
装备,zhuangbei,装备,6,2
装卸,zhuangxie,装卸,6,2
追悼,zhuidao,追悼,6,2
姿态,zitai,姿态,6,2
资助,zizhu,资助,6,2
滋润,zirun,滋润,6,2
滋味,ziwei,滋味,6,2
宗教,zongjiao,宗教,6,2
棕色,zongse,棕色,6,2
踪迹,zongji,踪迹,6,2
租赁,zulin,租赁,6,2
巴结,bajie,巴结,6,2
包袱,baofu,包袱,6,2
出息,chuxi,出息,6,2
灯笼,denglong,灯笼,6,2
哆嗦,duosuo,哆嗦,6,2
分寸,fencun,分寸,6,2
疙瘩,geda,疙瘩,6,2
鸽子,gezi,鸽子,6,2
公道,gongdao,公道,6,2
钩子,gouzi,钩子,6,2
荒唐,huangtang,荒唐,6,2
机灵,jiling,机灵,6,2
家伙,jiahuo,家伙,6,2
将就,jiangjiu,将就,6,2
宽敞,kuanchang,宽敞,6,2
啰唆,luosuo,啰唆,6,2
欺负,qifu,欺负,6,2
书记,shuji,书记,6,2
疏忽,shuhu,疏忽,6,2
斯文,siwen,斯文,6,2
踏实,tashi,踏实,6,2
挑剔,tiaoti,挑剔,6,2
衣裳,yishang,衣裳,6,2
冤枉,yuanwang,冤枉,6,2
扎实,zhashi,扎实,6,2
折腾,zheteng,折腾,6,2
庄稼,zhuangjia,庄稼,6,2
沉思,chensi,沉思,6,2
成交,chengjiao,成交,6,2
成天,chengtian,成天,6,2
成心,chengxin,成心,6,2
承包,chengbao,承包,6,2
澄清,chengqing,澄清,6,2
崇高,chonggao,崇高,6,2
传单,chuandan,传单,6,2
床单,chuangdan,床单,6,2
寒暄,hanxuan,寒暄,6,2
航空,hangkong,航空,6,2
航天,hangtian,航天,6,2
宏观,hongguan,宏观,6,2
胡须,huxu,胡须,6,2
湖泊,hupo,湖泊,6,2
黄昏,huanghun,黄昏,6,2
回收,huishou,回收,6,2
浑身,hunshen,浑身,6,2
活该,huogai,活该,6,2
极端,jiduan,极端,6,2
即将,jijiang,即将,6,2
杰出,jiechu,杰出,6,2
结晶,jiejing,结晶,6,2
牢骚,laosao,牢骚,6,2
联欢,lianhuan,联欢,6,2
良心,liangxin,良心,6,2
零星,lingxing,零星,6,2
流通,liutong,流通,6,2
轮胎,luntai,轮胎,6,2
民间,minjian,民间,6,2
摩擦,moca,摩擦,6,2
难堪,nankan,难堪,6,2
平庸,pingyong,平庸,6,2
评估,pinggu,评估,6,2
权威,quanwei,权威,6,2
人家,renjia,人家,6,2
人间,renjian,人间,6,2
人工,rengong,人工,6,2
儒家,rujia,儒家,6,2
神经,shenjing,神经,6,2
神仙,shenxian,神仙,6,2
时光,shiguang,时光,6,2
时机,shiji,时机,6,2
实施,shishi,实施,6,2
台风,taifeng,台风,6,2
条约,tiaoyue,条约,6,2
同胞,tongbao,同胞,6,2
投机,touji,投机,6,2
为期,weiqi,为期,6,2
无非,wufei,无非,6,2
无辜,wugu,无辜,6,2
无知,wuzhi,无知,6,2
袭击,xiji,袭击,6,2
衔接,xianjie,衔接,6,2
协商,xieshang,协商,6,2
悬殊,xuanshu,悬殊,6,2
学说,xueshuo,学说,6,2
延期,yan qi,延期,6,2
延伸,yanshen,延伸,6,2
遗失,yishi,遗失,6,2
油漆,youqi,油漆,6,2
原先,yuanxian,原先,6,2
杂交,zajiao,杂交,6,2
直播,zhibo,直播,6,2
值班,zhi ban,值班,6,2
裁员,caiyuan,裁员,6,2
残留,canliu,残留,6,2
嘈杂,caoza,嘈杂,6,2
柴油,chaiyou,柴油,6,2
偿还,changhuan,偿还,6,2
巢穴,chaoxue,巢穴,6,2
潮流,chaoliu,潮流,6,2
沉着,chenzhuo,沉着,6,2
成员,chengyuan,成员,6,2
惩罚,chengfa,惩罚,6,2
迟疑,chiyi,迟疑,6,2
重叠,chongdie,重叠,6,2
传达,chuanda,传达,6,2
船舶,chuanbo,船舶,6,2
垂直,chuizhi,垂直,6,2
纯洁,chunjie,纯洁,6,2
慈祥,cixiang,慈祥,6,2
雌雄,cixiong,雌雄,6,2
从容,congrong,从容,6,2
达成,da cheng,达成,6,2
独裁,ducai,独裁,6,2
繁华,fanhua,繁华,6,2
繁忙,fanmang,繁忙,6,2
繁殖,fanzhi,繁殖,6,2
服从,fucong,服从,6,2
格局,geju,格局,6,2
隔阂,gehe,隔阂,6,2
隔离,geli,隔离,6,2
国防,guofang,国防,6,2
航行,hangxing,航行,6,2
毫无,hao wu,毫无,6,2
合成,hecheng,合成,6,2
和谐,hexie,和谐,6,2
喉咙,houlong,喉咙,6,2
华侨,huaqiao,华侨,6,2
还原,huanyuan,还原,6,2
环节,huanjie,环节,6,2
吉祥,jixiang,吉祥,6,2
级别,jibie,级别,6,2
集团,jituan,集团,6,2
结局,jieju,结局,6,2
来源,laiyuan,来源,6,2
雷达,leida,雷达,6,2
黎明,liming,黎明,6,2
连年,liannian,连年,6,2
连同,liantong,连同,6,2
联盟,lianmeng,联盟,6,2
廉洁,lianjie,廉洁,6,2
临床,linchuang,临床,6,2
灵魂,linghun,灵魂,6,2
凌晨,lingchen,凌晨,6,2
留神,liu shen,留神,6,2
流氓,liumang,流氓,6,2
轮船,lunchuan,轮船,6,2
茫茫,mangmang,茫茫,6,2
茫然,mangran,茫然,6,2
萌芽,mengya,萌芽,6,2
迷人,miren,迷人,6,2
名额,ming'e,名额,6,2
明明,mingming,明明,6,2
模型,moxing,模型,6,2
磨合,mohe,磨合,6,2
谋求,mouqiu,谋求,6,2
难得,nande,难得,6,2
排除,paichu,排除,6,2
徘徊,paihuai,徘徊,6,2
盘旋,panxuan,盘旋,6,2
皮革,pige,皮革,6,2
贫乏,pinfa,贫乏,6,2
频繁,pinfan,频繁,6,2
平凡,pingfan,平凡,6,2
平行,pingxing,平行,6,2
平原,pingyuan,平原,6,2
齐全,qiquan,齐全,6,2
旗袍,qipao,旗袍,6,2
前提,qianti,前提,6,2
桥梁,qiaoliang,桥梁,6,2
勤劳,qinlao,勤劳,6,2
情节,qingjie,情节,6,2
权衡,quanheng,权衡,6,2
全局,quanju,全局,6,2
人为,renwei,人为,6,2
仁慈,renci,仁慈,6,2
人格,renge,人格,6,2
柔和,rouhe,柔和,6,2
神奇,shenqi,神奇,6,2
十足,shizu,十足,6,2
石油,shiyou,石油,6,2
时常,shichang,时常,6,2
时而,shi'er,时而,6,2
识别,shibie,识别,6,2
实行,shixing,实行,6,2
随即,suiji,随即,6,2
陶瓷,taoci,陶瓷,6,2
提拔,tiba,提拔,6,2
题材,ticai,题材,6,2
调和,tiaohe,调和,6,2
调节,tiaojie,调节,6,2
停泊,tingbo,停泊,6,2
投降,touxiang,投降,6,2
团结,tuanjie,团结,6,2
团圆,tuanyuan,团圆,6,2
顽强,wanqiang,顽强,6,2
为难,weinan,为难,6,2
唯独,weidu,唯独,6,2
维持,weichi,维持,6,2
文凭,wenping,文凭,6,2
无偿,wuchang,无偿,6,2
习俗,xisu,习俗,6,2
嫌疑,xianyi,嫌疑,6,2
协调,xietiao,协调,6,2
巡逻,xunluo,巡逻,6,2
循环,xunhuan,循环,6,2
严寒,yanhan,严寒,6,2
岩石,yanshi,岩石,6,2
谣言,yaoyan,谣言,6,2
遗传,yichuan,遗传,6,2
遗留,yiliu,遗留,6,2
犹如,youru,犹如,6,2
渔民,yumin,渔民,6,2
园林,yuanlin,园林,6,2
源泉,yuanquan,源泉,6,2
着迷,zhaomi,着迷,6,2
执行,zhixing,执行,6,2
执着,zhizhuo,执着,6,2
逐年,zhunian,逐年,6,2
伯母,bomu,伯母,6,2
残忍,canren,残忍,6,2
成本,chengben,成本,6,2
城堡,chengbao,城堡,6,2
迟缓,chihuan,迟缓,6,2
持久,chijiu,持久,6,2
毒品,dupin,毒品,6,2
而已,eryi,而已,6,2
防守,fangshou,防守,6,2
防止,fangzhi,防止,6,2
俘虏,fulu,俘虏,6,2
毫米,haomi,毫米,6,2
合伙,hehuo,合伙,6,2
和蔼,he'ai,和蔼,6,2
和解,hejie,和解,6,2
宏伟,hongwei,宏伟,6,2
洪水,hongshui,洪水,6,2
及早,jizao,及早,6,2
截止,jiezhi,截止,6,2
觉醒,juexing,觉醒,6,2
连锁,liansuo,连锁,6,2
联想,lianxiang,联想,6,2
灵感,linggan,灵感,6,2
灵敏,lingmin,灵敏,6,2
聋哑,longya,聋哑,6,2
弥补,mibu,弥补,6,2
谜语,miyu,谜语,6,2
瞄准,miaozhun,瞄准,6,2
民主,minzhu,民主,6,2
魔鬼,mogui,魔鬼,6,2
拿手,nashou,拿手,6,2
平坦,pingtan,平坦,6,2
前景,qianjing,前景,6,2
潜水,qianshui,潜水,6,2
勤俭,qinjian,勤俭,6,2
情理,qingli,情理,6,2
晴朗,qinglang,晴朗,6,2
容忍,rongren,容忍,6,2
溶解,rongjie,溶解,6,2
田野,tianye,田野,6,2
条款,tiaokuan,条款,6,2
条理,tiaoli,条理,6,2
调解,tiaojie,调解,6,2
涂抹,tumo,涂抹,6,2
团体,tuanti,团体,6,2
文雅,wenya,文雅,6,2
无比,wubi,无比,6,2
无耻,wuchi,无耻,6,2
峡谷,xiagu,峡谷,6,2
狭窄,xiazhai,狭窄,6,2
雄伟,xiongwei,雄伟,6,2
旋转,xuanzhuan,旋转,6,2
沿海,yanhai,沿海,6,2
摇摆,yaobai,摇摆,6,2
摇滚,yaogun,摇滚,6,2
遥远,yaoyuan,遥远,6,2
遗产,yichan,遗产,6,2
愚蠢,yuchun,愚蠢,6,2
元首,yuanshou,元首,6,2
原理,yuanli,原理,6,2
原始,yuanshi,原始,6,2
圆满,yuanman,圆满,6,2
着手,zhuoshou,着手,6,2
着想,zhuoxiang,着想,6,2
足以,zuyi,足以,6,2
癌症,aizheng,癌症,6,2
昂贵,anggui,昂贵,6,2
鼻涕,biti,鼻涕,6,2
别墅,bieshu,别墅,6,2
别致,biezhi,别致,6,2
搏斗,bodou,搏斗,6,2
薄弱,boruo,薄弱,6,2
不顾,bugu,不顾,6,2
不愧,bukui,不愧,6,2
不料,buliao,不料,6,2
才干,caigan,才干,6,2
财富,caifu,财富,6,2
财务,caiwu,财务,6,2
财政,caizheng,财政,6,2
裁判,caipan,裁判,6,2
残酷,canku,残酷,6,2
层次,cengci,层次,6,2
查获,chahuo,查获,6,2
缠绕,chanrao,缠绕,6,2
尝试,changshi,尝试,6,2
朝代,chaodai,朝代,6,2
嘲笑,chaoxiao,嘲笑,6,2
沉淀,chendian,沉淀,6,2
沉闷,chenmen,沉闷,6,2
沉重,chenzhong,沉重,6,2
陈旧,chenjiu,陈旧,6,2
陈列,chenlie,陈列,6,2
陈述,chenshu,陈述,6,2
成效,chengxiao,成效,6,2
呈现,chengxian,呈现,6,2
诚挚,chengzhi,诚挚,6,2
承办,chengban,承办,6,2
承诺,chengnuo,承诺,6,2
迟钝,chidun,迟钝,6,2
崇拜,chongbai,崇拜,6,2
崇敬,chongjing,崇敬,6,2
稠密,choumi,稠密,6,2
筹备,choubei,筹备,6,2
传授,chuanshou,传授,6,2
纯粹,chuncui,纯粹,6,2
慈善,cishan,慈善,6,2
磁带,cidai,磁带,6,2
答辩,dabian,答辩,6,2
答复,dafu,答复,6,2
得力,deli,得力,6,2
得罪,dezui,得罪,6,2
敌视,dishi,敌视,6,2
额外,ewai,额外,6,2
凡是,fanshi,凡是,6,2
防御,fangyu,防御,6,2
防治,fangzhi,防治,6,2
肥沃,feiwo,肥沃,6,2
坟墓,fenmu,坟墓,6,2
服气,fuqi,服气,6,2
符号,fuhao,符号,6,2
幅度,fudu,幅度,6,2
辐射,fushe,辐射,6,2
福利,fuli,福利,6,2
福气,fuqi,福气,6,2
革命,geming,革命,6,2
格式,geshi,格式,6,2
含义,hanyi,含义,6,2
行列,hanglie,行列,6,2
豪迈,haomai,豪迈,6,2
合并,hebing,合并,6,2
合算,hesuan,合算,6,2
和睦,hemu,和睦,6,2
痕迹,henji,痕迹,6,2
胡乱,huluan,胡乱,6,2
华丽,huali,华丽,6,2
皇帝,huangdi,皇帝,6,2
皇后,huanghou,皇后,6,2
回报,huibao,回报,6,2
回避,huibi,回避,6,2
回顾,huigu,回顾,6,2
活力,huoli,活力,6,2
极限,jixian,极限,6,2
即便,jibian,即便,6,2
急剧,jiju,急剧,6,2
急切,jiqie,急切,6,2
急躁,jizao,急躁,6,2
疾病,jibing,疾病,6,2
嫉妒,jidu,嫉妒,6,2
籍贯,jiguan,籍贯,6,2
节制,jiezhi,节制,6,2
节奏,jiezou,节奏,6,2
结算,jiesuan,结算,6,2
截至,jiezhi,截至,6,2
局部,jubu,局部,6,2
局面,jumian,局面,6,2
局势,jushi,局势,6,2
局限,juxian,局限,6,2
决策,juece,决策,6,2
觉悟,juewu,觉悟,6,2
绝望,jue wang,绝望,6,2
倔强,juejiang,倔强,6,2
来历,laili,来历,6,2
栏目,lanmu,栏目,6,2
狼狈,langbei,狼狈,6,2
牢固,laogu,牢固,6,2
联络,lianluo,联络,6,2
辽阔,liaokuo,辽阔,6,2
伶俐,lingli,伶俐,6,2
留恋,liulian,留恋,6,2
流浪,liulang,流浪,6,2
流露,liulu,流露,6,2
留念,liunian,留念,6,2
隆重,longzhong,隆重,6,2
炉灶,luzao,炉灶,6,2
轮廓,lunkuo,轮廓,6,2
麻痹,mabi,麻痹,6,2
麻木,mamu,麻木,6,2
麻醉,mazui,麻醉,6,2
埋没,maimo,埋没,6,2
埋葬,maizang,埋葬,6,2
埋怨,manyuan,埋怨,6,2
忙碌,manglu,忙碌,6,2
盲目,mangmu,盲目,6,2
媒介,meijie,媒介,6,2
弥漫,miman,弥漫,6,2
迷惑,mihuo,迷惑,6,2
迷信,mixin,迷信,6,2
描绘,miaohui,描绘,6,2
名次,mingci,名次,6,2
名誉,mingyu,名誉,6,2
明智,mingzhi,明智,6,2
模范,mofan,模范,6,2
模式,moshi,模式,6,2
魔术,moshu,魔术,6,2
模样,muyang,模样,6,2
能量,nengliang,能量,6,2
年度,niandu,年度,6,2
凝固,ninggu,凝固,6,2
凝聚,ningju,凝聚,6,2
凝视,ningshi,凝视,6,2
农历,nongli,农历,6,2
浓厚,nonghou,浓厚,6,2
奴隶,nuli,奴隶,6,2
排斥,paichi,排斥,6,2
排放,paifang,排放,6,2
排练,pailian,排练,6,2
庞大,pangda,庞大,6,2
培育,peiyu,培育,6,2
盆地,pendi,盆地,6,2
疲惫,pibei,疲惫,6,2
疲倦,pijuan,疲倦,6,2
贫困,pinkun,贫困,6,2
频率,pinlü,频率,6,2
平面,pingmian,平面,6,2
评论,pinglun,评论,6,2
屏幕,pingmu,屏幕,6,2
屏障,pingzhang,屏障,6,2
奇妙,qimiao,奇妙,6,2
歧视,qishi,歧视,6,2
旗帜,qizhi,旗帜,6,2
潜力,qianli,潜力,6,2
强制,qiangzhi,强制,6,2
情报,qingbao,情报,6,2
渠道,qudao,渠道,6,2
群众,qunzhong,群众,6,2
饶恕,raoshu,饶恕,6,2
人道,rendao,人道,6,2
人士,renshi,人士,6,2
人性,renxing,人性,6,2
人质,renzhi,人质,6,2
仍旧,rengjiu,仍旧,6,2
荣幸,rongxing,荣幸,6,2
荣誉,rongyu,荣誉,6,2
容貌,rongmao,容貌,6,2
容纳,rongna,容纳,6,2
容器,rongqi,容器,6,2
融化,ronghua,融化,6,2
融洽,rongqia,融洽,6,2
神气,shenqi,神气,6,2
神圣,shensheng,神圣,6,2
神态,shentai,神态,6,2
时事,shishi,时事,6,2
实惠,shihui,实惠,6,2
实力,shili,实力,6,2
实质,shizhi,实质,6,2
俗话,suhua,俗话,6,2
随意,suiyi,随意,6,2
弹性,tanxing,弹性,6,2
陶醉,taozui,陶醉,6,2
淘汰,taotai,淘汰,6,2
提炼,tilian,提炼,6,2
提示,tishi,提示,6,2
提议,tiyi,提议,6,2
田径,tianjing,田径,6,2
调剂,tiaoji,调剂,6,2
调料,tiaoliao,调料,6,2
停顿,tingdun,停顿,6,2
停滞,tingzhi,停滞,6,2
同志,tongzhi,同志,6,2
童话,tonghua,童话,6,2
投票,toupiao,投票,6,2
投诉,tousu,投诉,6,2
投掷,touzhi,投掷,6,2
图案,tu'an,图案,6,2
徒弟,tudi,徒弟,6,2
途径,tujing,途径,6,2
完备,wanbei,完备,6,2
完毕,wanbi,完毕,6,2
玩弄,wannong,玩弄,6,2
玩意儿,wanyir,玩意儿,6,2
顽固,wangu,顽固,6,2
违背,weibei,违背,6,2
维护,weihu,维护,6,2
文物,wenwu,文物,6,2
文献,wenxian,文献,6,2
文艺,wenyi,文艺,6,2
无赖,wulai,无赖,6,2
媳妇,xifu,媳妇,6,2
狭隘,xia'ai,狭隘,6,2
闲话,xianhua,闲话,6,2
贤惠,xianhui,贤惠,6,2
协会,xiehui,协会,6,2
协议,xieyi,协议,6,2
协助,xiezhu,协助,6,2
携带,xiedai,携带,6,2
刑事,xingshi,刑事,6,2
行政,xingzheng,行政,6,2
形态,xingtai,形态,6,2
雄厚,xionghou,雄厚,6,2
悬念,xuannian,悬念,6,2
旋律,xuanlü,旋律,6,2
悬挂,xuangua,悬挂,6,2
学位,xuewei,学位,6,2
寻觅,xunmi,寻觅,6,2
延续,yanxu,延续,6,2
严禁,yanjin,严禁,6,2
严峻,yanjun,严峻,6,2
严厉,yanli,严厉,6,2
严密,yanmi,严密,6,2
言论,yanlun,言论,6,2
炎热,yanre,炎热,6,2
遥控,yaokong,遥控,6,2
一度,yidu,一度,6,2
一贯,yiguan,一贯,6,2
一向,yixiang,一向,6,2
仪器,yiqi,仪器,6,2
仪式,yishi,仪式,6,2
疑惑,yihuo,疑惑,6,2
迎面,ying mian,迎面,6,2
盈利,yingli,盈利,6,2
油腻,youni,油腻,6,2
愚昧,yumei,愚昧,6,2
舆论,yulun,舆论,6,2
元素,yuansu,元素,6,2
原告,yuangao,原告,6,2
缘故,yuangu,缘故,6,2
杂技,zaji,杂技,6,2
责怪,zeguai,责怪,6,2
直径,zhijing,直径,6,2
职位,zhiwei,职位,6,2
职务,zhiwu,职务,6,2
卓越,zhuoyue,卓越,6,2
着重,zhuozhong,着重,6,2
裁缝,caifeng,裁缝,6,2
残疾,canji,残疾,6,2
含糊,hanhu,含糊,6,2
和气,heqi,和气,6,2
唠叨,laodao,唠叨,6,2
埋伏,maifu,埋伏,6,2
棉花,mianhua,棉花,6,2
情形,qingxing,情形,6,2
拳头,quantou,拳头,6,2
舌头,shetou,舌头,6,2
亭子,tingzi,亭子,6,2
娃娃,wawa,娃娃,6,2
折磨,zhemo,折磨,6,2
侄子,zhizi,侄子,6,2
琢磨,zuomo,琢磨,6,2
把关,ba guan,把关,6,2
摆脱,baituo,摆脱,6,2
本身,benshen,本身,6,2
贬低,biandi,贬低,6,2
表彰,biaozhang,表彰,6,2
补贴,butie,补贴,6,2
捕捉,buzhuo,捕捉,6,2
敞开,changkai,敞开,6,2
打包,dabao,打包,6,2
打击,daji,打击,6,2
反思,fansi,反思,6,2
反之,fanzhi,反之,6,2
纺织,fangzhi,纺织,6,2
抚摸,fumo,抚摸,6,2
港湾,gangwan,港湾,6,2
股东,gudong,股东,6,2
海滨,haibin,海滨,6,2
狠心,hen xin,狠心,6,2
解剖,jiepou,解剖,6,2
颈椎,jingzhui,颈椎,6,2
酒精,jiujing,酒精,6,2
卡通,katong,卡通,6,2
可观,keguan,可观,6,2
口腔,kouqiang,口腔,6,2
口音,kouyin,口音,6,2
领先,lingxian,领先,6,2
美观,meiguan,美观,6,2
抹杀,mosha,抹杀,6,2
起初,qichu,起初,6,2
体积,tiji,体积,6,2
挑拨,tiaobo,挑拨,6,2
惋惜,wanxi,惋惜,6,2
委托,weituo,委托,6,2
武装,wuzhuang,武装,6,2
眼光,yanguang,眼光,6,2
野心,yexin,野心,6,2
隐私,yinsi,隐私,6,2
隐约,yinyue,隐约,6,2
崭新,zhanxin,崭新,6,2
指标,zhibiao,指标,6,2
走私,zou si,走私,6,2
祖先,zuxian,祖先,6,2
饱和,baohe,饱和,6,2
北极,beiji,北极,6,2
本能,benneng,本能,6,2
本钱,benqian,本钱,6,2
本人,benren,本人,6,2
表决,biaojue,表决,6,2
补偿,buchang,补偿,6,2
采集,caiji,采集,6,2
场合,changhe,场合,6,2
储存,chucun,储存,6,2
歹徒,daitu,歹徒,6,2
导航,daohang,导航,6,2
等级,dengji,等级,6,2
抵达,dida,抵达,6,2
典型,dianxing,典型,6,2
赌博,dubo,赌博,6,2
法人,faren,法人,6,2
反驳,fanbo,反驳,6,2
反常,fanchang,反常,6,2
否决,foujue,否决,6,2
腐蚀,fushi,腐蚀,6,2
改良,gailiang,改良,6,2
管辖,guanxia,管辖,6,2
海拔,haiba,海拔,6,2
缓和,huanhe,缓和,6,2
解除,jiechu,解除,6,2
咀嚼,jujue,咀嚼,6,2
砍伐,kanfa,砍伐,6,2
考察,kaocha,考察,6,2
考核,kaohe,考核,6,2
可行,kexing,可行,6,2
口头,koutou,口头,6,2
礼节,lijie,礼节,6,2
履行,lüxing,履行,6,2
敏捷,minjie,敏捷,6,2
品尝,pinchang,品尝,6,2
品德,pinde,品德,6,2
朴实,pushi,朴实,6,2
普及,puji,普及,6,2
企图,qitu,企图,6,2
启程,qicheng,启程,6,2
启蒙,qimeng,启蒙,6,2
起伏,qifu,起伏,6,2
起源,qiyuan,起源,6,2
谴责,qianze,谴责,6,2
抢劫,qiangjie,抢劫,6,2
散文,sanwen,散文,6,2
审查,shencha,审查,6,2
水泥,shuini,水泥,6,2
死亡,siwang,死亡,6,2
坦白,tanbai,坦白,6,2
体裁,ticai,体裁,6,2
挺拔,tingba,挺拔,6,2
妥协,tuoxie,妥协,6,2
椭圆,tuoyuan,椭圆,6,2
挽回,wanhui,挽回,6,2
往常,wangchang,往常,6,2
委员,weiyuan,委员,6,2
武侠,wuxia,武侠,6,2
选拔,xuanba,选拔,6,2
眼神,yanshen,眼神,6,2
演习,yanxi,演习,6,2
野蛮,yeman,野蛮,6,2
引擎,yinqing,引擎,6,2
饮食,yinshi,饮食,6,2
隐瞒,yinman,隐瞒,6,2
永恒,yongheng,永恒,6,2
勇于,yongyu,勇于,6,2
沼泽,zhaoze,沼泽,6,2
职能,zhineng,职能,6,2
指责,zhize,指责,6,2
智能,zhineng,智能,6,2
肿瘤,zhongliu,肿瘤,6,2
种族,zhongzu,种族,6,2
主流,zhuliu,主流,6,2
主权,zhuquan,主权,6,2
转达,zhuanda,转达,6,2
转移,zhuanyi,转移,6,2
转折,zhuanzhe,转折,6,2
准则,zhunze,准则,6,2
总和,zonghe,总和,6,2
走廊,zoulang,走廊,6,2
阻拦,zulan,阻拦,6,2
祖国,zuguo,祖国,6,2
嘴唇,zuichun,嘴唇,6,2
阻挠,zunao,阻挠,6,2
版本,banben,版本,6,2
保管,baoguan,保管,6,2
保姆,baomu,保姆,6,2
保守,baoshou,保守,6,2
保养,baoyang,保养,6,2
哺乳,buru,哺乳,6,2
场所,changsuo,场所,6,2
典礼,dianli,典礼,6,2
反感,fangan,反感,6,2
抚养,fuyang,抚养,6,2
腐朽,fuxiu,腐朽,6,2
感慨,gankai,感慨,6,2
感染,ganran,感染,6,2
港口,gangkou,港口,6,2
古董,gudong,古董,6,2
给予,jiyu,给予,6,2
检讨,jiantao,检讨,6,2
剪彩,jian cai,剪彩,6,2
奖赏,jiangshang,奖赏,6,2
解体,jieti,解体,6,2
考古,kaogu,考古,6,2
可口,kekou,可口,6,2
捆绑,kunbang,捆绑,6,2
理睬,licai,理睬,6,2
领土,lingtu,领土,6,2
蚂蚁,mayi,蚂蚁,6,2
美满,meiman,美满,6,2
勉强,mianqiang,勉强,6,2
渺小,miaoxiao,渺小,6,2
母语,muyu,母语,6,2
恼火,naohuo,恼火,6,2
扭转,niuzhuan,扭转,6,2
品种,pinzhong,品种,6,2
起草,qi cao,起草,6,2
起码,qima,起码,6,2
请柬,qingjian,请柬,6,2
请帖,qingtie,请帖,6,2
审理,shenli,审理,6,2
审美,shenmei,审美,6,2
手法,shoufa,手法,6,2
索取,suoqu,索取,6,2
讨好,taohao,讨好,6,2
统统,tongtong,统统,6,2
土壤,turang,土壤,6,2
瓦解,wajie,瓦解,6,2
侮辱,wuru,侮辱,6,2
舞蹈,wudao,舞蹈,6,2
许可,xuke,许可,6,2
选举,xuanju,选举,6,2
选手,xuanshou,选手,6,2
以免,yimian,以免,6,2
以往,yiwang,以往,6,2
引导,yindao,引导,6,2
主导,zhudao,主导,6,2
主管,zhuguan,主管,6,2
绑架,bangjia,绑架,6,2
榜样,bangyang,榜样,6,2
保密,bao mi,保密,6,2
保卫,baowei,保卫,6,2
保障,baozhang,保障,6,2
保重,baozhong,保重,6,2
比喻,biyu,比喻,6,2
比重,bizhong,比重,6,2
鄙视,bishi,鄙视,6,2
贬义,bianyi,贬义,6,2
表态,biaotai,表态,6,2
补救,bujiu,补救,6,2
采购,caigou,采购,6,2
采纳,caina,采纳,6,2
彩票,caipiao,彩票,6,2
草案,cao'an,草案,6,2
草率,caoshuai,草率,6,2
产业,chanye,产业,6,2
阐述,chanshu,阐述,6,2
场面,changmian,场面,6,2
丑恶,chou'e,丑恶,6,2
处分,chufen,处分,6,2
处境,chujing,处境,6,2
处置,chuzhi,处置,6,2
储备,chubei,储备,6,2
储蓄,chuxu,储蓄,6,2
喘气,chuanqi,喘气,6,2
打架,da jia,打架,6,2
打猎,da lie,打猎,6,2
打仗,dazhang,打仗,6,2
胆怯,danqie,胆怯,6,2
导弹,daodan,导弹,6,2
导向,daoxiang,导向,6,2
捣乱,dao luan,捣乱,6,2
倒闭,daobi,倒闭,6,2
等候,denghou,等候,6,2
抵抗,dikang,抵抗,6,2
抵制,dizhi,抵制,6,2
点缀,dianzhui,点缀,6,2
陡峭,douqiao,陡峭,6,2
堵塞,duse,堵塞,6,2
短促,duancu,短促,6,2
反抗,fankang,反抗,6,2
反馈,fankui,反馈,6,2
反面,fanmian,反面,6,2
反射,fanshe,反射,6,2
反问,fanwen,反问,6,2
访问,fangwen,访问,6,2
诽谤,feibang,诽谤,6,2
粉末,fenmo,粉末,6,2
粉色,fense,粉色,6,2
粉碎,fensui,粉碎,6,2
俯视,fushi,俯视,6,2
辅助,fuzhu,辅助,6,2
腐败,fubai,腐败,6,2
腐烂,fulan,腐烂,6,2
岗位,gangwei,岗位,6,2
稿件,gaojian,稿件,6,2
巩固,gonggu,巩固,6,2
古怪,guguai,古怪,6,2
股份,gufen,股份,6,2
骨干,gugan,骨干,6,2
鼓动,gudong,鼓动,6,2
拐杖,guaizhang,拐杖,6,2
广阔,guangkuo,广阔,6,2
轨道,guidao,轨道,6,2
果断,guoduan,果断,6,2
罕见,hanjian,罕见,6,2
悔恨,huihen,悔恨,6,2
毁灭,huimie,毁灭,6,2
火箭,huojian,火箭,6,2
火焰,huoyan,火焰,6,2
火药,huoyao,火药,6,2
检验,jianyan,检验,6,2
简化,jianhua,简化,6,2
简陋,jianlou,简陋,6,2
简要,jianyao,简要,6,2
奖励,jiangli,奖励,6,2
角落,jiaoluo,角落,6,2
侥幸,jiaoxing,侥幸,6,2
搅拌,jiaoban,搅拌,6,2
缴纳,jiaona,缴纳,6,2
解放,jiefang,解放,6,2
解雇,jiegu,解雇,6,2
解散,jiesan,解散,6,2
紧迫,jinpo,紧迫,6,2
警告,jinggao,警告,6,2
警惕,jingti,警惕,6,2
沮丧,jusang,沮丧,6,2
举动,judong,举动,6,2
考验,kaoyan,考验,6,2
可恶,kewu,可恶,6,2
渴望,kewang,渴望,6,2
恳切,kenqie,恳切,6,2
恐怖,kongbu,恐怖,6,2
恐吓,konghe,恐吓,6,2
恐惧,kongju,恐惧,6,2
口气,kouqi,口气,6,2
苦涩,kuse,苦涩,6,2
款待,kuandai,款待,6,2
款式,kuanshi,款式,6,2
懒惰,landuo,懒惰,6,2
冷酷,lengku,冷酷,6,2
冷落,lengluo,冷落,6,2
冷却,lengque,冷却,6,2
理智,lizhi,理智,6,2
领会,linghui,领会,6,2
领悟,lingwu,领悟,6,2
领袖,lingxiu,领袖,6,2
垄断,longduan,垄断,6,2
笼罩,longzhao,笼罩,6,2
屡次,lüci,屡次,6,2
美妙,meimiao,美妙,6,2
猛烈,menglie,猛烈,6,2
免疫,mianyi,免疫,6,2
勉励,mianli,勉励,6,2
藐视,miaoshi,藐视,6,2
敏锐,minrui,敏锐,6,2
拟定,niding,拟定,6,2
纽扣儿,niukour,纽扣儿,6,2
呕吐,outu,呕吐,6,2
偶像,ouxiang,偶像,6,2
品质,pinzhi,品质,6,2
朴素,pusu,朴素,6,2
乞丐,qigai,乞丐,6,2
启示,qishi,启示,6,2
启事,qishi,启事,6,2
起哄,qi hong,起哄,6,2
抢救,qiangjiu,抢救,6,2
强迫,qiangpo,强迫,6,2
请教,qingjiao,请教,6,2
请示,qingshi,请示,6,2
取缔,qudi,取缔,6,2
扰乱,raoluan,扰乱,6,2
惹祸,rehuo,惹祸,6,2
忍耐,rennai,忍耐,6,2
忍受,renshou,忍受,6,2
闪烁,shanshuo,闪烁,6,2
审判,shenpan,审判,6,2
省会,shenghui,省会,6,2
使命,shiming,使命,6,2
手势,shoushi,手势,6,2
手艺,shouyi,手艺,6,2
守护,shouhu,守护,6,2
首饰,shoushi,首饰,6,2
首要,shouyao,首要,6,2
爽快,shuangkuai,爽快,6,2
水利,shuili,水利,6,2
损坏,sunhuai,损坏,6,2
索性,suoxing,索性,6,2
倘若,tangruo,倘若,6,2
体谅,tiliang,体谅,6,2
体面,timian,体面,6,2
体系,tixi,体系,6,2
挑衅,tiaoxin,挑衅,6,2
统计,tongji,统计,6,2
统治,tongzhi,统治,6,2
妥善,tuoshan,妥善,6,2
挽救,wanjiu,挽救,6,2
往事,wangshi,往事,6,2
伪造,weizao,伪造,6,2
武器,wuqi,武器,6,2
喜悦,xiyue,喜悦,6,2
显著,xianzhu,显著,6,2
响亮,xiangliang,响亮,6,2
响应,xiangying,响应,6,2
掩护,yanhu,掩护,6,2
掩饰,yanshi,掩饰,6,2
眼色,yanse,眼色,6,2
演变,yanbian,演变,6,2
演绎,yanyi,演绎,6,2
演奏,yanzou,演奏,6,2
掩盖,yangai,掩盖,6,2
氧气,yangqi,氧气,6,2
以便,yibian,以便,6,2
以至,yizhi,以至,6,2
以致,yizhi,以致,6,2
引用,yinyong,引用,6,2
隐蔽,yinbi,隐蔽,6,2
隐患,yinhuan,隐患,6,2
涌现,yongxian,涌现,6,2
踊跃,yongyue,踊跃,6,2
宇宙,yuzhou,宇宙,6,2
展示,zhanshi,展示,6,2
展望,zhanwang,展望,6,2
展现,zhanxian,展现,6,2
整顿,zhengdun,整顿,6,2
指定,zhiding,指定,6,2
指令,zhiling,指令,6,2
指示,zhishi,指示,6,2
指望,zhiwang,指望,6,2
主办,zhuban,主办,6,2
主义,zhuyi,主义,6,2
嘱咐,zhufu,嘱咐,6,2
转让,zhuanrang,转让,6,2
子弹,zidan,子弹,6,2
走漏,zoulou,走漏,6,2
阻碍,zu'ai,阻碍,6,2
祖父,zufu,祖父,6,2
把手,bashou,把手,6,2
本事,benshi,本事,6,2
比方,bifang,比方,6,2
打量,daliang,打量,6,2
恶心,exin,恶心,6,2
喇叭,laba,喇叭,6,2
码头,matou,码头,6,2
免得,miande,免得,6,2
曲子,quzi,曲子,6,2
嫂子,saozi,嫂子,6,2
妥当,tuodang,妥当,6,2
枕头,zhentou,枕头,6,2
指甲,zhijia,指甲,6,2
种子,zhongzi,种子,6,2
罢工,ba gong,罢工,6,2
拜托,baituo,拜托,6,2
报销,baoxiao,报销,6,2
曝光,baoguang,曝光,6,2
爆发,baofa,爆发,6,2
笨拙,benzhuo,笨拙,6,2
迸发,bengfa,迸发,6,2
弊端,biduan,弊端,6,2
变迁,bianqian,变迁,6,2
并非,bingfei,并非,6,2
不禁,bujin,不禁,6,2
不堪,bukan,不堪,6,2
不惜,buxi,不惜,6,2
畅通,changtong,畅通,6,2
畅销,changxiao,畅销,6,2
撤销,chexiao,撤销,6,2
衬托,chentuo,衬托,6,2
创新,chuangxin,创新,6,2
诞生,dansheng,诞生,6,2
递增,dizeng,递增,6,2
定期,dingqi,定期,6,2
动机,dongji,动机,6,2
动身,dong shen,动身,6,2
斗争,douzheng,斗争,6,2
废墟,feixu,废墟,6,2
负担,fudan,负担,6,2
复兴,fuxing,复兴,6,2
盖章,gaizhang,盖章,6,2
构思,gousi,构思,6,2
故乡,guxiang,故乡,6,2
雇佣,guyong,雇佣,6,2
过失,guoshi,过失,6,2
化妆,hua zhuang,化妆,6,2
划分,huafen,划分,6,2
季军,jijun,季军,6,2
寄托,jituo,寄托,6,2
间接,jianjie,间接,6,2
晋升,jinsheng,晋升,6,2
进攻,jingong,进攻,6,2
据悉,juxi,据悉,6,2
扩充,kuochong,扩充,6,2
扩张,kuozhang,扩张,6,2
力争,lizheng,力争,6,2
立方,lifang,立方,6,2
冒充,maochong,冒充,6,2
密封,mifeng,密封,6,2
目光,muguang,目光,6,2
气功,qigong,气功,6,2
气压,qiya,气压,6,2
器官,qiguan,器官,6,2
若干,ruogan,若干,6,2
散发,sanfa,散发,6,2
丧失,sangshi,丧失,6,2
社区,shequ,社区,6,2
盛开,shengkai,盛开,6,2
示威,shiwei,示威,6,2
是非,shifei,是非,6,2
瞬间,shunjian,瞬间,6,2
四肢,sizhi,四肢,6,2
太空,taikong,太空,6,2
万分,wanfen,万分,6,2
卫星,weixing,卫星,6,2
物资,wuzi,物资,6,2
误差,wucha,误差,6,2
细胞,xibao,细胞,6,2
细菌,xijun,细菌,6,2
血压,xueya,血压,6,2
亚军,yajun,亚军,6,2
验收,yanshou,验收,6,2
应邀,yingyao,应邀,6,2
预期,yuqi,预期,6,2
预先,yuxian,预先,6,2
噪音,zaoyin,噪音,6,2
振兴,zhenxing,振兴,6,2
震惊,zhenjing,震惊,6,2
正当,zheng dang,正当,6,2
正规,zhenggui,正规,6,2
正宗,zhengzong,正宗,6,2
证书,zhengshu,证书,6,2
制约,zhiyue,制约,6,2
治安,zhi'an,治安,6,2
智商,zhishang,智商,6,2
重心,zhongxin,重心,6,2
驻扎,zhuzha,驻扎,6,2
壮观,zhuangguan,壮观,6,2
自卑,zibei,自卑,6,2
自发,zifa,自发,6,2
作风,zuofeng,作风,6,2
作息,zuoxi,作息,6,2
按摩,anmo,按摩,6,2
拜年,bai nian,拜年,6,2
伴随,bansui,伴随,6,2
报仇,baochou,报仇,6,2
报答,baoda,报答,6,2
贝壳,beike,贝壳,6,2
便条,biantiao,便条,6,2
便于,bianyu,便于,6,2
不妨,bufang,不妨,6,2
不时,bushi,不时,6,2
布局,buju,布局,6,2
步伐,bufa,步伐,6,2
测量,celiang,测量,6,2
挫折,cuozhe,挫折,6,2
大臣,dachen,大臣,6,2
诞辰,danchen,诞辰,6,2
电源,dianyuan,电源,6,2
动员,dongyuan,动员,6,2
冻结,dongjie,冻结,6,2
杜绝,dujue,杜绝,6,2
断绝,duanjue,断绝,6,2
对联,duilian,对联,6,2
顿时,dunshi,顿时,6,2
范畴,fanchou,范畴,6,2
废除,feichu,废除,6,2
沸腾,feiteng,沸腾,6,2
复活,fuhuo,复活,6,2
告辞,gaoci,告辞,6,2
共鸣,gongming,共鸣,6,2
固然,guran,固然,6,2
固执,guzhi,固执,6,2
贵族,guizu,贵族,6,2
过于,guoyu,过于,6,2
后勤,houqin,后勤,6,2
化肥,huafei,化肥,6,2
化石,huashi,化石,6,2
混合,hunhe,混合,6,2
混淆,hunxiao,混淆,6,2
混浊,hunzhuo,混浊,6,2
继承,jicheng,继承,6,2
见闻,jianwen,见闻,6,2
间谍,jiandie,间谍,6,2
健全,jianquan,健全,6,2
鉴别,jianbie,鉴别,6,2
鉴于,jianyu,鉴于,6,2
间隔,jiange,间隔,6,2
降临,jianglin,降临,6,2
进而,jin'er,进而,6,2
近来,jinlai,近来,6,2
镜头,jingtou,镜头,6,2
就职,jiu zhi,就职,6,2
课题,keti,课题,6,2
空白,kongbai,空白,6,2
蜡烛,lazhu,蜡烛,6,2
力求,liqiu,力求,6,2
历来,lilai,历来,6,2
立足,lizu,立足,6,2
论坛,luntan,论坛,6,2
落成,luocheng,落成,6,2
落实,luoshi,落实,6,2
掠夺,lüeduo,掠夺,6,2
脉搏,maibo,脉搏,6,2
蔓延,manyan,蔓延,6,2
漫长,manchang,漫长,6,2
灭亡,miewang,灭亡,6,2
命名,mingming,命名,6,2
内涵,neihan,内涵,6,2
逆行,nixing,逆行,6,2
派别,paibie,派别,6,2
判决,panjue,判决,6,2
譬如,piru,譬如,6,2
器材,qicai,器材,6,2
洽谈,qiatan,洽谈,6,2
窍门,qiaomen,窍门,6,2
切实,qieshi,切实,6,2
热门,remen,热门,6,2
擅长,shanchang,擅长,6,2
上级,shangji,上级,6,2
上游,shangyou,上游,6,2
涉及,sheji,涉及,6,2
盛情,shengqing,盛情,6,2
盛行,shengxing,盛行,6,2
试图,shitu,试图,6,2
视频,shipin,视频,6,2
适宜,shiyi,适宜,6,2
数额,shu'e,数额,6,2
素食,sushi,素食,6,2
特长,techang,特长,6,2
外行,waihang,外行,6,2
蔚蓝,weilan,蔚蓝,6,2
现成,xiancheng,现成,6,2
向来,xianglai,向来,6,2
谢绝,xiejue,谢绝,6,2
性能,xingneng,性能,6,2
嗅觉,xiujue,嗅觉,6,2
序言,xuyan,序言,6,2
异常,yichang,异常,6,2
意图,yitu,意图,6,2
毅然,yiran,毅然,6,2
预言,yuyan,预言,6,2
寓言,yuyan,寓言,6,2
运行,yunxing,运行,6,2
蕴藏,yuncang,蕴藏,6,2
造型,zaoxing,造型,6,2
阵容,zhenrong,阵容,6,2
证实,zhengshi,证实,6,2
政权,zhengquan,政权,6,2
制裁,zhicai,制裁,6,2
制服,zhifu,制服,6,2
致辞,zhici,致辞,6,2
滞留,zhiliu,滞留,6,2
种植,zhongzhi,种植,6,2
皱纹,zhouwen,皱纹,6,2
住宅,zhuzhai,住宅,6,2
纵横,zongheng,纵横,6,2
钻石,zuanshi,钻石,6,2
拜访,baifang,拜访,6,2
扮演,banyan,扮演,6,2
伴侣,banlü,伴侣,6,2
报警,baojing,报警,6,2
辩解,bianjie,辩解,6,2
不免,bumian,不免,6,2
不止,buzhi,不止,6,2
部署,bushu,部署,6,2
颤抖,chandou,颤抖,6,2
倡导,changdao,倡导,6,2
次品,cipin,次品,6,2
大不了,dabuliao,大不了,6,2
大伙儿,dahuor,大伙儿,6,2
大体,dati,大体,6,2
代理,daili,代理,6,2
带领,dailing,带领,6,2
逮捕,daibu,逮捕,6,2
淡水,danshui,淡水,6,2
稻谷,daogu,稻谷,6,2
动手,dongshou,动手,6,2
附属,fushu,附属,6,2
赋予,fuyu,赋予,6,2
杠杆,ganggan,杠杆,6,2
个体,geti,个体,6,2
固体,guti,固体,6,2
固有,guyou,固有,6,2
过奖,guojiang,过奖,6,2
过瘾,guoyin,过瘾,6,2
候选,houxuan,候选,6,2
话筒,huatong,话筒,6,2
患者,huanzhe,患者,6,2
记载,jizai,记载,6,2
技巧,jiqiao,技巧,6,2
见解,jianjie,见解,6,2
舰艇,jianting,舰艇,6,2
教养,jiaoyang,教养,6,2
进展,jinzhan,进展,6,2
竞选,jingxuan,竞选,6,2
敬礼,jingli,敬礼,6,2
剧本,juben,剧本,6,2
靠拢,kaolong,靠拢,6,2
况且,kuangqie,况且,6,2
矿产,kuangchan,矿产,6,2
立场,lichang,立场,6,2
立体,liti,立体,6,2
谅解,liangjie,谅解,6,2
列举,lieju,列举,6,2
墨水儿,moshuier,墨水儿,6,2
目睹,mudu,目睹,6,2
宁肯,ningken,宁肯,6,2
派遣,paiqian,派遣,6,2
配偶,pei'ou,配偶,6,2
恰巧,qiaqiao,恰巧,6,2
确保,quebao,确保,6,2
认可,renke,认可,6,2
弱点,ruodian,弱点,6,2
上瘾,shangyin,上瘾,6,2
尚且,shangqie,尚且,6,2
设想,shexiang,设想,6,2
盛产,shengchan,盛产,6,2
视野,shiye,视野,6,2
授予,shouyu,授予,6,2
率领,shuailing,率领,6,2
饲养,siyang,饲养,6,2
泰斗,taidou,泰斗,6,2
探索,tansuo,探索,6,2
探讨,tantao,探讨,6,2
外表,waibiao,外表,6,2
妄想,wangxiang,妄想,6,2
未免,weimian,未免,6,2
误解,wujie,误解,6,2
下属,xiashu,下属,6,2
现场,xianchang,现场,6,2
线索,xiansuo,线索,6,2
宪法,xianfa,宪法,6,2
陷阱,xianjing,陷阱,6,2
向导,xiangdao,向导,6,2
向往,xiangwang,向往,6,2
信仰,xinyang,信仰,6,2
性感,xinggan,性感,6,2
酗酒,xujiu,酗酒,6,2
样品,yangpin,样品,6,2
要点,yaodian,要点,6,2
耀眼,yaoyan,耀眼,6,2
液体,yeti,液体,6,2
乐谱,yuepu,乐谱,6,2
岳母,yuemu,岳母,6,2
暂且,zanqie,暂且,6,2
占领,zhanling,占领,6,2
制止,zhizhi,制止,6,2
治理,zhili,治理,6,2
致使,zhishi,致使,6,2
助理,zhuli,助理,6,2
助手,zhushou,助手,6,2
自满,ziman,自满,6,2
自主,zizhu,自主,6,2
做主,zuozhu,做主,6,2
爱戴,aidai,爱戴,6,2
暧昧,aimei,暧昧,6,2
案件,anjian,案件,6,2
案例,anli,案例,6,2
暗示,anshi,暗示,6,2
奥秘,aomi,奥秘,6,2
霸道,badao,霸道,6,2
败坏,baihuai,败坏,6,2
抱负,baofu,抱负,6,2
暴力,baoli,暴力,6,2
暴露,baolu,暴露,6,2
爆炸,baozha,爆炸,6,2
备份,beifen,备份,6,2
背叛,beipan,背叛,6,2
背诵,beisong,背诵,6,2
被动,beidong,被动,6,2
被告,beigao,被告,6,2
闭塞,bise,闭塞,6,2
弊病,bibing,弊病,6,2
变质,bian zhi,变质,6,2
便利,bianli,便利,6,2
遍布,bianbu,遍布,6,2
辨认,bianren,辨认,6,2
辩护,bianhu,辩护,6,2
辩证,bianzheng,辩证,6,2
变故,biangu,变故,6,2
并列,binglie,并列,6,2
布告,bugao,布告,6,2
布置,buzhi,布置,6,2
部位,buwei,部位,6,2
灿烂,canlan,灿烂,6,2
侧面,cemian,侧面,6,2
策划,cehua,策划,6,2
策略,celüe,策略,6,2
诧异,chayi,诧异,6,2
刹那,chana,刹那,6,2
倡议,changyi,倡议,6,2
撤退,chetui,撤退,6,2
赤道,chidao,赤道,6,2
赤字,chizi,赤字,6,2
触犯,chufan,触犯,6,2
创立,chuangli,创立,6,2
创业,chuangye,创业,6,2
创作,chuangzuo,创作,6,2
次序,cixu,次序,6,2
脆弱,cuiruo,脆弱,6,2
大肆,dasi,大肆,6,2
大意,dayi,大意,6,2
大致,dazhi,大致,6,2
代价,daijia,代价,6,2
怠慢,daiman,怠慢,6,2
淡季,danji,淡季,6,2
档案,dang'an,档案,6,2
档次,dangci,档次,6,2
盗窃,daoqie,盗窃,6,2
地步,dibu,地步,6,2
地势,dishi,地势,6,2
地质,dizhi,地质,6,2
惦记,dianji,惦记,6,2
奠定,dianding,奠定,6,2
调动,diaodong,调动,6,2
定义,dingyi,定义,6,2
动荡,dongdang,动荡,6,2
动静,dongjing,动静,6,2
动力,dongli,动力,6,2
动脉,dongmai,动脉,6,2
动态,dongtai,动态,6,2
断定,duanding,断定,6,2
对策,duice,对策,6,2
对称,duichen,对称,6,2
对抗,duikang,对抗,6,2
对立,duili,对立,6,2
对应,duiying,对应,6,2
对照,duizhao,对照,6,2
兑现,duixian,兑现,6,2
堕落,duoluo,堕落,6,2
恶化,ehua,恶化,6,2
遏制,ezhi,遏制,6,2
泛滥,fanlan,泛滥,6,2
贩卖,fanmai,贩卖,6,2
放大,fangda,放大,6,2
放射,fangshe,放射,6,2
分量,fenliang,分量,6,2
愤怒,fennu,愤怒,6,2
奉献,fengxian,奉献,6,2
附和,fuhe,附和,6,2
附件,fujian,附件,6,2
富裕,fuyu,富裕,6,2
腹泻,fuxie,腹泻,6,2
覆盖,fugai,覆盖,6,2
干劲,ganjin,干劲,6,2
告诫,gaojie,告诫,6,2
共计,gongji,共计,6,2
故障,guzhang,故障,6,2
顾虑,gulü,顾虑,6,2
顾问,guwen,顾问,6,2
贯彻,guanche,贯彻,6,2
惯例,guanli,惯例,6,2
灌溉,guangai,灌溉,6,2
棍棒,gunbang,棍棒,6,2
过度,guodu,过度,6,2
过渡,guodu,过渡,6,2
过滤,guolü,过滤,6,2
过问,guowen,过问,6,2
捍卫,hanwei,捍卫,6,2
号召,haozhao,号召,6,2
耗费,haofei,耗费,6,2
后代,houdai,后代,6,2
化验,huayan,化验,6,2
汇报,huibao,汇报,6,2
会晤,huiwu,会晤,6,2
贿赂,huilu,贿赂,6,2
混乱,hunluan,混乱,6,2
货币,huobi,货币,6,2
计较,jijiao,计较,6,2
纪要,jiyao,纪要,6,2
忌讳,jihui,忌讳,6,2
季度,jidu,季度,6,2
迹象,jixiang,迹象,6,2
寂静,jijing,寂静,6,2
践踏,jianta,践踏,6,2
鉴定,jianding,鉴定,6,2
较量,jiaoliang,较量,6,2
戒备,jiebei,戒备,6,2
界限,jiexian,界限,6,2
借鉴,jiejian,借鉴,6,2
借助,jiezhu,借助,6,2
进化,jinhua,进化,6,2
浸泡,jinpao,浸泡,6,2
竞赛,jingsai,竞赛,6,2
敬业,jingye,敬业,6,2
境界,jingjie,境界,6,2
救济,jiuji,救济,6,2
就近,jiujin,就近,6,2
就业,jiuye,就业,6,2
剧烈,julie,剧烈,6,2
看待,kandai,看待,6,2
抗议,kangyi,抗议,6,2
克制,kezhi,克制,6,2
客户,kehu,客户,6,2
空隙,kongxi,空隙,6,2
旷课,kuang ke,旷课,6,2
框架,kuangjia,框架,6,2
扩散,kuosan,扩散,6,2
乐趣,lequ,乐趣,6,2
乐意,leyi,乐意,6,2
类似,leisi,类似,6,2
历代,lidai,历代,6,2
例外,liwai,例外,6,2
吝啬,linse,吝啬,6,2
论证,lunzheng,论证,6,2
漫画,manhua,漫画,6,2
慢性,manxing,慢性,6,2
茂盛,maosheng,茂盛,6,2
冒犯,maofan,冒犯,6,2
密度,midu,密度,6,2
面貌,mianmao,面貌,6,2
蔑视,mieshi,蔑视,6,2
默默,momo,默默,6,2
沐浴,muyu,沐浴,6,2
纳闷儿,na menr,纳闷儿,6,2
耐用,naiyong,耐用,6,2
内幕,neimu,内幕,6,2
内在,neizai,内在,6,2
宁愿,ningyuan,宁愿,6,2
虐待,nüedai,虐待,6,2
泡沫,paomo,泡沫,6,2
配备,peibei,配备,6,2
配套,pei tao,配套,6,2
片断,pianduan,片断,6,2
片刻,pianke,片刻,6,2
迫害,pohai,迫害,6,2
破例,poli,破例,6,2
魄力,poli,魄力,6,2
瀑布,pubu,瀑布,6,2
气概,qigai,气概,6,2
气魄,qipo,气魄,6,2
气色,qise,气色,6,2
气势,qishi,气势,6,2
气味,qiwei,气味,6,2
气象,qixiang,气象,6,2
气质,qizhi,气质,6,2
恰当,qiadang,恰当,6,2
趣味,quwei,趣味,6,2
确立,queli,确立,6,2
确切,queqie,确切,6,2
确信,quexin,确信,6,2
让步,rang bu,让步,6,2
认定,rending,认定,6,2
任命,renming,任命,6,2
任性,renxing,任性,6,2
任意,renyi,任意,6,2
日益,riyi,日益,6,2
散布,sanbu,散布,6,2
擅自,shanzi,擅自,6,2
上进,shangjin,上进,6,2
上任,shang ren,上任,6,2
设立,sheli,设立,6,2
设置,shezhi,设置,6,2
渗透,shentou,渗透,6,2
慎重,shenzhong,慎重,6,2
胜负,shengfu,胜负,6,2
示范,shifan,示范,6,2
示意,shiyi,示意,6,2
世代,shidai,世代,6,2
势必,shibi,势必,6,2
事故,shigu,事故,6,2
事迹,shiji,事迹,6,2
事件,shijian,事件,6,2
事态,shitai,事态,6,2
事务,shiwu,事务,6,2
事项,shixiang,事项,6,2
事业,shiye,事业,6,2
试验,shiyan,试验,6,2
视力,shili,视力,6,2
视线,shixian,视线,6,2
逝世,shishi,逝世,6,2
释放,shifang,释放,6,2
受罪,shouzui,受罪,6,2
束缚,shufu,束缚,6,2
树立,shuli,树立,6,2
寺庙,simiao,寺庙,6,2
诉讼,susong,诉讼,6,2
素质,suzhi,素质,6,2
塑造,suzao,塑造,6,2
算数,suanshu,算数,6,2
岁月,suiyue,岁月,6,2
隧道,suidao,隧道,6,2
叹气,tan qi,叹气,6,2
探测,tance,探测,6,2
探望,tanwang,探望,6,2
特定,teding,特定,6,2
特意,teyi,特意,6,2
跳跃,tiaoyue,跳跃,6,2
透露,toulu,透露,6,2
唾弃,tuoqi,唾弃,6,2
外界,waijie,外界,6,2
外向,waixiang,外向,6,2
畏惧,weiju,畏惧,6,2
慰问,weiwen,慰问,6,2
问世,wenshi,问世,6,2
务必,wubi,务必,6,2
物业,wuye,物业,6,2
系列,xilie,系列,6,2
细致,xizhi,细致,6,2
现状,xianzhuang,现状,6,2
陷害,xianhai,陷害,6,2
陷入,xianru,陷入,6,2
肖像,xiaoxiang,肖像,6,2
效益,xiaoyi,效益,6,2
泄露,xielou,泄露,6,2
泄气,xieqi,泄气,6,2
信赖,xinlai,信赖,6,2
信念,xinnian,信念,6,2
信誉,xinyu,信誉,6,2
性命,xingming,性命,6,2
畜牧,xumu,畜牧,6,2
炫耀,xuanyao,炫耀,6,2
厌恶,yanwu,厌恶,6,2
验证,yanzheng,验证,6,2
要命,yaoming,要命,6,2
要素,yaosu,要素,6,2
意料,yiliao,意料,6,2
意向,yixiang,意向,6,2
意志,yizhi,意志,6,2
毅力,yili,毅力,6,2
用户,yonghu,用户,6,2
幼稚,youzhi,幼稚,6,2
诱惑,youhuo,诱惑,6,2
预料,yuliao,预料,6,2
预算,yusuan,预算,6,2
预兆,yuzhao,预兆,6,2
欲望,yuwang,欲望,6,2
孕育,yunyu,孕育,6,2
运算,yunsuan,运算,6,2
酝酿,yunniang,酝酿,6,2
在意,zai yi,在意,6,2
赞叹,zantan,赞叹,6,2
赞助,zanzhu,赞助,6,2
赠送,zengsong,赠送,6,2
诈骗,zhapian,诈骗,6,2
债券,zhaiquan,债券,6,2
占据,zhanju,占据,6,2
战斗,zhandou,战斗,6,2
战略,zhanlüe,战略,6,2
战术,zhanshu,战术,6,2
战役,zhanyi,战役,6,2
障碍,zhang'ai,障碍,6,2
照样,zhaoyang,照样,6,2
照耀,zhaoyao,照耀,6,2
阵地,zhendi,阵地,6,2
振奋,zhenfen,振奋,6,2
震撼,zhenhan,震撼,6,2
镇定,zhending,镇定,6,2
镇静,zhenjing,镇静,6,2
正负,zhengfu,正负,6,2
正气,zhengqi,正气,6,2
正义,zhengyi,正义,6,2
郑重,zhengzhong,郑重,6,2
政策,zhengce,政策,6,2
症状,zhengzhuang,症状,6,2
志气,zhiqi,志气,6,2
致力,zhili,致力,6,2
智力,zhili,智力,6,2
昼夜,zhouye,昼夜,6,2
注射,zhushe,注射,6,2
注视,zhushi,注视,6,2
注释,zhushi,注释,6,2
注重,zhuzhong,注重,6,2
著作,zhuzuo,著作,6,2
铸造,zhuzao,铸造,6,2
传记,zhuanji,传记,6,2
壮丽,zhuangli,壮丽,6,2
壮烈,zhuanglie,壮烈,6,2
罪犯,zuifan,罪犯,6,2
作弊,zuobi,作弊,6,2
作废,zuofei,作废,6,2
报酬,baochou,报酬,6,2
报复,baofu,报复,6,2
辫子,bianzi,辫子,6,2
别扭,bieniu,别扭,6,2
伺候,cihou,伺候,6,2
凑合,couhe,凑合,6,2
队伍,duiwu,队伍,6,2
对付,duifu,对付,6,2
记性,jixing,记性,6,2
快活,kuaihuo,快活,6,2
利害,lihai,利害,6,2
面子,mianzi,面子,6,2
屁股,pigu,屁股,6,2
势力,shili,势力,6,2
相声,xiangsheng,相声,6,2
意识,yishi,意识,6,2
应酬,yingchou,应酬,6,2
帐篷,zhangpeng,帐篷,6,2
正经,zhengjing,正经,6,2
收音机,shouyinji,收音机,6,2
双胞胎,shuangbaotai,双胞胎,6,2
公安局,gonganju,公安局,6,2
多元化,duoyuanhua,多元化,6,2
天然气,tianranqi,天然气,6,2
伤脑筋,shang naojin,伤脑筋,6,2
端午节,duanwu jie,端午节,6,2
巴不得,babude,巴不得,6,2
当事人,dangshiren,当事人,6,2
压岁钱,yasuiqian,压岁钱,6,2
东道主,dongdaozhu,东道主,6,2
工艺品,gongyipin,工艺品,6,2
元宵节,yuanxiao jie,元宵节,6,2
维生素,weishengsu,维生素,6,2
殖民地,zhimindi,殖民地,6,2
博览会,bolanhui,博览会,6,2
繁体字,fantizi,繁体字,6,2
不像话,buxianghua,不像话,6,2
国务院,guowuyuan,国务院,6,2
打官司,da guansi,打官司,6,2
里程碑,lichengbei,里程碑,6,2
指南针,zhinanzhen,指南针,6,2
水龙头,shuilongtou,水龙头,6,2
羽绒服,yurongfu,羽绒服,6,2
简体字,jiantizi,简体字,6,2
董事长,dongshizhang,董事长,6,2
领事馆,lingshiguan,领事馆,6,2
立交桥,lijiaoqiao,立交桥,6,2
共和国,gongheguo,共和国,6,2
不得已,budeyi,不得已,6,2
蛋白质,danbaizhi,蛋白质,6,2
不由得,buyoude,不由得,6,2
不敢当,bu gandang,不敢当,6,2
涮火锅,shuanhuoguo,涮火锅,6,2
座右铭,zuoyouming,座右铭,6,2
备忘录,beiwanglu,备忘录,6,2
摄氏度,sheshidu,摄氏度,6,2
意味着,yiweizhe,意味着,6,2
恨不得,hen bu de,恨不得,6,2
东张西望,dongzhangxiwang,东张西望,6,2
心甘情愿,xinganqingyuan,心甘情愿,6,2
吞吞吐吐,tuntuntutu,吞吞吐吐,6,2
津津有味,jinjin you wei,津津有味,6,2
千方百计,qian fang bai ji,千方百计,6,2
争先恐后,zheng xian kong hou,争先恐后,6,2
滔滔不绝,taotao bu jue,滔滔不绝,6,2
欣欣向荣,xinxin xiang rong,欣欣向荣,6,2
烟花爆竹,yanhuabaozhu,烟花爆竹,6,2
归根到底,gui gen dao di,归根到底,6,2
丢三落四,diusan lasi,丢三落四,6,2
根深蒂固,gen shen di gu,根深蒂固,6,2
兢兢业业,jingjing yeye,兢兢业业,6,2
天伦之乐,tianlunzhile,天伦之乐,6,2
空前绝后,kongqianjuehou,空前绝后,6,2
知足常乐,zhizuchangle,知足常乐,6,2
飞禽走兽,feiqinzoushou,飞禽走兽,6,2
川流不息,chuan liu bu xi,川流不息,6,2
供不应求,gong bu ying qiu,供不应求,6,2
深情厚谊,shenqinghouyi,深情厚谊,6,2
新陈代谢,xin chen daixie,新陈代谢,6,2
相辅相成,xiangfuxiangcheng,相辅相成,6,2
风土人情,fengturenqing,风土人情,6,2
精打细算,jing da xi suan,精打细算,6,2
当务之急,dangwuzhiji,当务之急,6,2
精益求精,jing yi qiu jing,精益求精,6,2
鸦雀无声,yaquewusheng,鸦雀无声,6,2
朝气蓬勃,zhao qi peng bo,朝气蓬勃,6,2
通货膨胀,tonghuo pengzhang,通货膨胀,6,2
微不足道,wei bu zu dao,微不足道,6,2
家喻户晓,jia yu hu xiao,家喻户晓,6,2
优胜劣汰,youshenglietai,优胜劣汰,6,2
得天独厚,detianduhou,得天独厚,6,2
齐心协力,qixinxieli,齐心协力,6,2
无微不至,wu wei bu zhi,无微不至,6,2
无忧无虑,wuyouwulü,无忧无虑,6,2
无精打采,wujingdacai,无精打采,6,2
狼吞虎咽,langtunhuyan,狼吞虎咽,6,2
层出不穷,ceng chu bu qiong,层出不穷,6,2
急功近利,jigongjinli,急功近利,6,2
急于求成,jiyuqiucheng,急于求成,6,2
无能为力,wu neng wei li,无能为力,6,2
无穷无尽,wuqiongwujin,无穷无尽,6,2
南辕北辙,nanyuanbeizhe,南辕北辙,6,2
难能可贵,nannengkegui,难能可贵,6,2
拔苗助长,bamiaozhuzhang,拔苗助长,6,2
潜移默化,qianyimohua,潜移默化,6,2
悬崖峭壁,xuanyaqiaobi,悬崖峭壁,6,2
无理取闹,wuliqunao,无理取闹,6,2
博大精深,bodajingshen,博大精深,6,2
得不偿失,de bu chang shi,得不偿失,6,2
无动于衷,wudongyuzhong,无动于衷,6,2
名副其实,ming fu qi shi,名副其实,6,2
不屑一顾,buxieyigu,不屑一顾,6,2
竭尽全力,jiejin quanli,竭尽全力,6,2
实事求是,shi shi qiu shi,实事求是,6,2
一目了然,yimuliaoran,一目了然,6,2
全力以赴,quan li yi fu,全力以赴,6,2
循序渐进,xun xu jian jin,循序渐进,6,2
饱经沧桑,baojingcangsang,饱经沧桑,6,2
斩钉截铁,zhan ding jie tie,斩钉截铁,6,2
想方设法,xiang fang she fa,想方设法,6,2
小心翼翼,xiaoxin yiyi,小心翼翼,6,2
举足轻重,juzuqingzhong,举足轻重,6,2
统筹兼顾,tongchoujiangu,统筹兼顾,6,2
总而言之,zongeryanzhi,总而言之,6,2
有条不紊,youtiaobuwen,有条不紊,6,2
恍然大悟,huangrandawu,恍然大悟,6,2
理直气壮,lizhiqizhuang,理直气壮,6,2
喜闻乐见,xiwenlejian,喜闻乐见,6,2
理所当然,li suo dang ran,理所当然,6,2
侃侃而谈,kankan'ertan,侃侃而谈,6,2
岂有此理,qi you ci li,岂有此理,6,2
锦上添花,jinshangtianhua,锦上添花,6,2
雪上加霜,xueshangjiashuang,雪上加霜,6,2
苦尽甘来,kujinganlai,苦尽甘来,6,2
礼尚往来,lishangwanglai,礼尚往来,6,2
举世瞩目,jushi zhumu,举世瞩目,6,2
与日俱增,yurijuzeng,与日俱增,6,2
一帆风顺,yifanfengshun,一帆风顺,6,2
见多识广,jianduoshiguang,见多识广,6,2
迄今为止,qijinweizhi,迄今为止,6,2
称心如意,chenxinruyi,称心如意,6,2
各抒己见,geshujijian,各抒己见,6,2
兴高采烈,xing gao cai lie,兴高采烈,6,2
聚精会神,ju jing hui shen,聚精会神,6,2
一丝不苟,yisibugou,一丝不苟,6,2
不相上下,bu xiang shang xia,不相上下,6,2
日新月异,rixinyueyi,日新月异,6,2
再接再厉,zaijiezaili,再接再厉,6,2
画蛇添足,huashetianzu,画蛇添足,6,2
半途而废,ban tu er fei,半途而废,6,2
不言而喻,buyan'eryu,不言而喻,6,2
莫名其妙,momingqimiao,莫名其妙,6,2
不择手段,buzeshouduan,不择手段,6,2
爱不释手,aibushishou,爱不释手,6,2
锲而不舍,qie'erbushe,锲而不舍,6,2
一如既往,yirujiwang,一如既往,6,2
肆无忌惮,siwujidan,肆无忌惮,6,2
众所周知,zhong suo zhou zhi,众所周知,6,2
不可思议,bukesiyi,不可思议,6,2
力所能及,lisuonengji,力所能及,6,2
一举两得,yijuliangde,一举两得,6,2
废寝忘食,feiqinwangshi,废寝忘食,6,2
物美价廉,wumeijialian,物美价廉,6,2
二氧化碳,eryanghuatan,二氧化碳,6,2
后顾之忧,houguzhiyou,后顾之忧,6,2
自力更生,zi li geng sheng,自力更生,6,2
兴致勃勃,xingzhibobo,兴致勃勃,6,2
刻不容缓,keburonghuan,刻不容缓,6,2
迫不及待,pobujidai,迫不及待,6,2
热泪盈眶,re lei ying kuang,热泪盈眶,6,2
见义勇为,jianyiyongwei,见义勇为,6,2
恰到好处,qia dao hao chu,恰到好处,6,2
络绎不绝,luoyibujue,络绎不绝,6,2
任重道远,renzhongdaoyuan,任重道远,6,2
